id,count,unique,min,max,range,sum,mean,median,stddev,minority,majority,q1,q3,iqr
76433,"4","4",149.12,4043.29,3894.17,6184.22,1546.055,995.905,1583.54061145428,149.12,149.12,179.215,2912.895,2733.68
76434,"1","1",2373.05,2373.05,0,2373.05,2373.05,2373.05,0,2373.05,2373.05,2373.05,2373.05,0
76435,"1","1",7091.87,7091.87,0,7091.87,7091.87,7091.87,0,7091.87,7091.87,7091.87,7091.87,0
76524,"1","1",1183.09,1183.09,0,1183.09,1183.09,1183.09,0,1183.09,1183.09,1183.09,1183.09,0
76507,"3","3",59.24,11871.29,11812.05,12942.68,4314.22666666667,1012.15,5357.79270689173,59.24,59.24,535.695,6441.72,5906.025
75016,"1","1",2797.27,2797.27,0,2797.27,2797.27,2797.27,0,2797.27,2797.27,2797.27,2797.27,0
75010,"1","1",2722.26,2722.26,0,2722.26,2722.26,2722.26,0,2722.26,2722.26,2722.26,2722.26,0
75178,"1","1",9098.6,9098.6,0,9098.6,9098.6,9098.6,0,9098.6,9098.6,9098.6,9098.6,0
75179,"1","1",9098.6,9098.6,0,9098.6,9098.6,9098.6,0,9098.6,9098.6,9098.6,9098.6,0
75248,"3","3",2802.55,14781.7,11979.15,22255.74,7418.58,4671.49,5262.12164319678,2802.55,2802.55,3737.02,9726.595,5989.575
75249,"1","1",14781.7,14781.7,0,14781.7,14781.7,14781.7,0,14781.7,14781.7,14781.7,14781.7,0
75245,"2","2",124.74,39888.8,39764.06,40013.54,20006.77,20006.77,19882.03,124.74,124.74,124.74,39888.8,39764.06
75246,"1","1",39888.8,39888.8,0,39888.8,39888.8,39888.8,0,39888.8,39888.8,39888.8,39888.8,0
75247,"2","2",572.57,4671.49,4098.92,5244.06,2622.03,2622.03,2049.46,572.57,572.57,572.57,4671.49,4098.92
74821,"2","2",2335.98,2911.98,576,5247.96,2623.98,2623.98,288,2335.98,2335.98,2335.98,2911.98,576
74942,"1","1",39888.8,39888.8,0,39888.8,39888.8,39888.8,0,39888.8,39888.8,39888.8,39888.8,0
74920,"2","2",11150,13056.74,1906.74,24206.74,12103.37,12103.37,953.37,11150,11150,11150,13056.74,1906.74
74921,"1","1",11150,11150,0,11150,11150,11150,0,11150,11150,11150,11150,0
74998,"1","1",2493.76,2493.76,0,2493.76,2493.76,2493.76,0,2493.76,2493.76,2493.76,2493.76,0
74944,"1","1",14781.7,14781.7,0,14781.7,14781.7,14781.7,0,14781.7,14781.7,14781.7,14781.7,0
74945,"1","1",14781.7,14781.7,0,14781.7,14781.7,14781.7,0,14781.7,14781.7,14781.7,14781.7,0
75552,"1","1",4671.49,4671.49,0,4671.49,4671.49,4671.49,0,4671.49,4671.49,4671.49,4671.49,0
75551,"1","1",4671.49,4671.49,0,4671.49,4671.49,4671.49,0,4671.49,4671.49,4671.49,4671.49,0
75624,"1","1",49659.19,49659.19,0,49659.19,49659.19,49659.19,0,49659.19,49659.19,49659.19,49659.19,0
75625,"2","2",37090.03,49659.19,12569.16,86749.22,43374.61,43374.61,6284.58,37090.03,37090.03,37090.03,49659.19,12569.16
75619,"1","1",2755.16,2755.16,0,2755.16,2755.16,2755.16,0,2755.16,2755.16,2755.16,2755.16,0
75593,"1","1",7342.36,7342.36,0,7342.36,7342.36,7342.36,0,7342.36,7342.36,7342.36,7342.36,0
75315,"1","1",2755.16,2755.16,0,2755.16,2755.16,2755.16,0,2755.16,2755.16,2755.16,2755.16,0
75302,"1","1",2493.76,2493.76,0,2493.76,2493.76,2493.76,0,2493.76,2493.76,2493.76,2493.76,0
74070,"1","1",3960.65,3960.65,0,3960.65,3960.65,3960.65,0,3960.65,3960.65,3960.65,3960.65,0
74071,"1","1",3960.65,3960.65,0,3960.65,3960.65,3960.65,0,3960.65,3960.65,3960.65,3960.65,0
74112,"1","1",1604.21,1604.21,0,1604.21,1604.21,1604.21,0,1604.21,1604.21,1604.21,1604.21,0
74224,"1","1",10984.73,10984.73,0,10984.73,10984.73,10984.73,0,10984.73,10984.73,10984.73,10984.73,0
74225,"1","1",10984.73,10984.73,0,10984.73,10984.73,10984.73,0,10984.73,10984.73,10984.73,10984.73,0
74221,"1","1",3297.92,3297.92,0,3297.92,3297.92,3297.92,0,3297.92,3297.92,3297.92,3297.92,0
8666,"1","1",1768.72,1768.72,0,1768.72,1768.72,1768.72,0,1768.72,1768.72,1768.72,1768.72,0
73768,"1","1",3455.12,3455.12,0,3455.12,3455.12,3455.12,0,3455.12,3455.12,3455.12,3455.12,0
73814,"1","1",1526.12,1526.12,0,1526.12,1526.12,1526.12,0,1526.12,1526.12,1526.12,1526.12,0
73815,"1","1",590.83,590.83,0,590.83,590.83,590.83,0,590.83,590.83,590.83,590.83,0
73792,"1","1",2429.97,2429.97,0,2429.97,2429.97,2429.97,0,2429.97,2429.97,2429.97,2429.97,0
73924,"1","1",2892.51,2892.51,0,2892.51,2892.51,2892.51,0,2892.51,2892.51,2892.51,2892.51,0
74525,"1","1",3297.92,3297.92,0,3297.92,3297.92,3297.92,0,3297.92,3297.92,3297.92,3297.92,0
8970,"1","1",1768.72,1768.72,0,1768.72,1768.72,1768.72,0,1768.72,1768.72,1768.72,1768.72,0
74638,"1","1",10948.87,10948.87,0,10948.87,10948.87,10948.87,0,10948.87,10948.87,10948.87,10948.87,0
74712,"2","2",2797.27,3481.49,684.22,6278.76,3139.38,3139.38,342.11,2797.27,2797.27,2797.27,3481.49,684.22
74713,"1","1",3481.49,3481.49,0,3481.49,3481.49,3481.49,0,3481.49,3481.49,3481.49,3481.49,0
74334,"1","1",197.65,197.65,0,197.65,197.65,197.65,0,197.65,197.65,197.65,197.65,0
74335,"1","1",197.65,197.65,0,197.65,197.65,197.65,0,197.65,197.65,197.65,197.65,0
74374,"1","1",2655.06,2655.06,0,2655.06,2655.06,2655.06,0,2655.06,2655.06,2655.06,2655.06,0
81266,"1","1",6408.1,6408.1,0,6408.1,6408.1,6408.1,0,6408.1,6408.1,6408.1,6408.1,0
81221,"1","1",2485.92,2485.92,0,2485.92,2485.92,2485.92,0,2485.92,2485.92,2485.92,2485.92,0
81222,"1","1",2485.92,2485.92,0,2485.92,2485.92,2485.92,0,2485.92,2485.92,2485.92,2485.92,0
81218,"3","3",226.97,2002.31,1775.34,2927.16,975.72,697.88,750.934674522358,226.97,226.97,462.425,1350.095,887.67
81219,"2","2",2002.31,2399.54,397.23,4401.85,2200.925,2200.925,198.615,2002.31,2002.31,2002.31,2399.54,397.23
81325,"1","1",4296.89,4296.89,0,4296.89,4296.89,4296.89,0,4296.89,4296.89,4296.89,4296.89,0
81393,"1","1",4616.73,4616.73,0,4616.73,4616.73,4616.73,0,4616.73,4616.73,4616.73,4616.73,0
81378,"1","1",27743.63,27743.63,0,27743.63,27743.63,27743.63,0,27743.63,27743.63,27743.63,27743.63,0
80913,"1","1",8574.5,8574.5,0,8574.5,8574.5,8574.5,0,8574.5,8574.5,8574.5,8574.5,0
80914,"1","1",8574.5,8574.5,0,8574.5,8574.5,8574.5,0,8574.5,8574.5,8574.5,8574.5,0
81020,"1","1",5320.13,5320.13,0,5320.13,5320.13,5320.13,0,5320.13,5320.13,5320.13,5320.13,0
81017,"1","1",5562.15,5562.15,0,5562.15,5562.15,5562.15,0,5562.15,5562.15,5562.15,5562.15,0
80990,"1","1",19374.3,19374.3,0,19374.3,19374.3,19374.3,0,19374.3,19374.3,19374.3,19374.3,0
80991,"1","1",19374.3,19374.3,0,19374.3,19374.3,19374.3,0,19374.3,19374.3,19374.3,19374.3,0
81073,"1","1",27743.63,27743.63,0,27743.63,27743.63,27743.63,0,27743.63,27743.63,27743.63,27743.63,0
81074,"1","1",27743.63,27743.63,0,27743.63,27743.63,27743.63,0,27743.63,27743.63,27743.63,27743.63,0
81075,"1","1",27743.63,27743.63,0,27743.63,27743.63,27743.63,0,27743.63,27743.63,27743.63,27743.63,0
81037,"1","1",3068.29,3068.29,0,3068.29,3068.29,3068.29,0,3068.29,3068.29,3068.29,3068.29,0
81697,"1","1",4616.73,4616.73,0,4616.73,4616.73,4616.73,0,4616.73,4616.73,4616.73,4616.73,0
81745,"1","1",25815.83,25815.83,0,25815.83,25815.83,25815.83,0,25815.83,25815.83,25815.83,25815.83,0
81848,"1","1",42403.86,42403.86,0,42403.86,42403.86,42403.86,0,42403.86,42403.86,42403.86,42403.86,0
81849,"3","3",4849.9,42403.86,37553.96,53751.32,17917.1066666667,6497.56,17327.8102573971,4849.9,4849.9,5673.73,24450.71,18776.98
81850,"1","1",4849.9,4849.9,0,4849.9,4849.9,4849.9,0,4849.9,4849.9,4849.9,4849.9,0
81819,"1","1",1076.16,1076.16,0,1076.16,1076.16,1076.16,0,1076.16,1076.16,1076.16,1076.16,0
81919,"1","1",2339.57,2339.57,0,2339.57,2339.57,2339.57,0,2339.57,2339.57,2339.57,2339.57,0
81525,"1","1",2485.92,2485.92,0,2485.92,2485.92,2485.92,0,2485.92,2485.92,2485.92,2485.92,0
81526,"1","1",2485.92,2485.92,0,2485.92,2485.92,2485.92,0,2485.92,2485.92,2485.92,2485.92,0
81522,"1","1",697.88,697.88,0,697.88,697.88,697.88,0,697.88,697.88,697.88,697.88,0
81523,"1","1",2399.54,2399.54,0,2399.54,2399.54,2399.54,0,2399.54,2399.54,2399.54,2399.54,0
81515,"1","1",1076.16,1076.16,0,1076.16,1076.16,1076.16,0,1076.16,1076.16,1076.16,1076.16,0
81608,"1","1",3865.74,3865.74,0,3865.74,3865.74,3865.74,0,3865.74,3865.74,3865.74,3865.74,0
80160,"1","1",4030.2,4030.2,0,4030.2,4030.2,4030.2,0,4030.2,4030.2,4030.2,4030.2,0
80132,"1","1",1943.74,1943.74,0,1943.74,1943.74,1943.74,0,1943.74,1943.74,1943.74,1943.74,0
80130,"1","1",2398.63,2398.63,0,2398.63,2398.63,2398.63,0,2398.63,2398.63,2398.63,2398.63,0
80131,"1","1",2398.63,2398.63,0,2398.63,2398.63,2398.63,0,2398.63,2398.63,2398.63,2398.63,0
80315,"1","1",41878.45,41878.45,0,41878.45,41878.45,41878.45,0,41878.45,41878.45,41878.45,41878.45,0
80381,"1","1",905.76,905.76,0,905.76,905.76,905.76,0,905.76,905.76,905.76,905.76,0
80382,"3","3",912.74,6592.87,5680.13,9333.29,3111.09666666667,1827.68,2490.15902563582,912.74,912.74,1370.21,4210.275,2840.065
80383,"1","1",2550.23,2550.23,0,2550.23,2550.23,2550.23,0,2550.23,2550.23,2550.23,2550.23,0
80352,"1","1",7960.08,7960.08,0,7960.08,7960.08,7960.08,0,7960.08,7960.08,7960.08,7960.08,0
80353,"1","1",7960.08,7960.08,0,7960.08,7960.08,7960.08,0,7960.08,7960.08,7960.08,7960.08,0
80011,"1","1",41878.45,41878.45,0,41878.45,41878.45,41878.45,0,41878.45,41878.45,41878.45,41878.45,0
80079,"1","1",2550.23,2550.23,0,2550.23,2550.23,2550.23,0,2550.23,2550.23,2550.23,2550.23,0
80685,"2","2",518.38,905.76,387.38,1424.14,712.07,712.07,193.69,518.38,518.38,518.38,905.76,387.38
80686,"4","4",518.38,19374.3,18855.92,24839.48,6209.87,2473.4,7655.90622336115,518.38,518.38,1173.03,11246.71,10073.68
80687,"1","1",19374.3,19374.3,0,19374.3,19374.3,19374.3,0,19374.3,19374.3,19374.3,19374.3,0
80735,"1","1",2332.71,2332.71,0,2332.71,2332.71,2332.71,0,2332.71,2332.71,2332.71,2332.71,0
80713,"1","1",5562.15,5562.15,0,5562.15,5562.15,5562.15,0,5562.15,5562.15,5562.15,5562.15,0
80775,"1","1",4797.81,4797.81,0,4797.81,4797.81,4797.81,0,4797.81,4797.81,4797.81,4797.81,0
80884,"2","2",331.73,1499.57,1167.84,1831.3,915.65,915.65,583.92,331.73,331.73,331.73,1499.57,1167.84
80435,"1","1",2819.7,2819.7,0,2819.7,2819.7,2819.7,0,2819.7,2819.7,2819.7,2819.7,0
80609,"1","1",8574.5,8574.5,0,8574.5,8574.5,8574.5,0,8574.5,8574.5,8574.5,8574.5,0
80610,"1","1",8574.5,8574.5,0,8574.5,8574.5,8574.5,0,8574.5,8574.5,8574.5,8574.5,0
80580,"2","2",331.73,1499.57,1167.84,1831.3,915.65,915.65,583.92,331.73,331.73,331.73,1499.57,1167.84
79140,"1","1",17742.82,17742.82,0,17742.82,17742.82,17742.82,0,17742.82,17742.82,17742.82,17742.82,0
79139,"1","1",17742.82,17742.82,0,17742.82,17742.82,17742.82,0,17742.82,17742.82,17742.82,17742.82,0
79194,"1","1",4219.22,4219.22,0,4219.22,4219.22,4219.22,0,4219.22,4219.22,4219.22,4219.22,0
79260,"2","2",1993.98,3258.7,1264.72,5252.68,2626.34,2626.34,632.36,1993.98,1993.98,1993.98,3258.7,1264.72
79246,"1","1",3548,3548,0,3548,3548,3548,0,3548,3548,3548,3548,0
78890,"1","1",4219.22,4219.22,0,4219.22,4219.22,4219.22,0,4219.22,4219.22,4219.22,4219.22,0
14128,"1","1",1083.6,1083.6,0,1083.6,1083.6,1083.6,0,1083.6,1083.6,1083.6,1083.6,0
14127,"1","1",1083.6,1083.6,0,1083.6,1083.6,1083.6,0,1083.6,1083.6,1083.6,1083.6,0
79798,"1","1",3398.27,3398.27,0,3398.27,3398.27,3398.27,0,3398.27,3398.27,3398.27,3398.27,0
79763,"1","1",371.99,371.99,0,371.99,371.99,371.99,0,371.99,371.99,371.99,371.99,0
79856,"1","1",4030.2,4030.2,0,4030.2,4030.2,4030.2,0,4030.2,4030.2,4030.2,4030.2,0
79449,"1","1",447.48,447.48,0,447.48,447.48,447.48,0,447.48,447.48,447.48,447.48,0
79570,"1","1",3630.46,3630.46,0,3630.46,3630.46,3630.46,0,3630.46,3630.46,3630.46,3630.46,0
78154,"1","1",1910.2,1910.2,0,1910.2,1910.2,1910.2,0,1910.2,1910.2,1910.2,1910.2,0
78155,"1","1",1910.2,1910.2,0,1910.2,1910.2,1910.2,0,1910.2,1910.2,1910.2,1910.2,0
12614,"1","1",3370.69,3370.69,0,3370.69,3370.69,3370.69,0,3370.69,3370.69,3370.69,3370.69,0
12615,"1","1",3370.69,3370.69,0,3370.69,3370.69,3370.69,0,3370.69,3370.69,3370.69,3370.69,0
78248,"1","1",155.18,155.18,0,155.18,155.18,155.18,0,155.18,155.18,155.18,155.18,0
78328,"1","1",12520.35,12520.35,0,12520.35,12520.35,12520.35,0,12520.35,12520.35,12520.35,12520.35,0
78329,"1","1",12520.35,12520.35,0,12520.35,12520.35,12520.35,0,12520.35,12520.35,12520.35,12520.35,0
78280,"1","1",12845.19,12845.19,0,12845.19,12845.19,12845.19,0,12845.19,12845.19,12845.19,12845.19,0
78046,"1","1",2027.63,2027.63,0,2027.63,2027.63,2027.63,0,2027.63,2027.63,2027.63,2027.63,0
78047,"1","1",2027.63,2027.63,0,2027.63,2027.63,2027.63,0,2027.63,2027.63,2027.63,2027.63,0
78601,"1","1",4682.72,4682.72,0,4682.72,4682.72,4682.72,0,4682.72,4682.72,4682.72,4682.72,0
13215,"1","1",1446.7,1446.7,0,1446.7,1446.7,1446.7,0,1446.7,1446.7,1446.7,1446.7,0
78836,"1","1",17742.82,17742.82,0,17742.82,17742.82,17742.82,0,17742.82,17742.82,17742.82,17742.82,0
78835,"1","1",17742.82,17742.82,0,17742.82,17742.82,17742.82,0,17742.82,17742.82,17742.82,17742.82,0
78580,"1","1",1542.42,1542.42,0,1542.42,1542.42,1542.42,0,1542.42,1542.42,1542.42,1542.42,0
78579,"1","1",1542.42,1542.42,0,1542.42,1542.42,1542.42,0,1542.42,1542.42,1542.42,1542.42,0
52504,"1","1",6103.91,6103.91,0,6103.91,6103.91,6103.91,0,6103.91,6103.91,6103.91,6103.91,0
52505,"2","2",6103.91,78965.53,72861.62,85069.44,42534.72,42534.72,36430.81,6103.91,6103.91,6103.91,78965.53,72861.62
52485,"1","1",168.17,168.17,0,168.17,168.17,168.17,0,168.17,168.17,168.17,168.17,0
53068,"1","1",3320.59,3320.59,0,3320.59,3320.59,3320.59,0,3320.59,3320.59,3320.59,3320.59,0
52808,"2","2",6103.91,78965.53,72861.62,85069.44,42534.72,42534.72,36430.81,6103.91,6103.91,6103.91,78965.53,72861.62
52809,"2","2",6103.91,78965.53,72861.62,85069.44,42534.72,42534.72,36430.81,6103.91,6103.91,6103.91,78965.53,72861.62
52806,"1","1",2642.19,2642.19,0,2642.19,2642.19,2642.19,0,2642.19,2642.19,2642.19,2642.19,0
51616,"1","1",5888.28,5888.28,0,5888.28,5888.28,5888.28,0,5888.28,5888.28,5888.28,5888.28,0
52153,"1","1",940.15,940.15,0,940.15,940.15,940.15,0,940.15,940.15,940.15,940.15,0
51821,"2","2",843.3,7345.82,6502.52,8189.12,4094.56,4094.56,3251.26,843.3,843.3,843.3,7345.82,6502.52
51866,"1","1",309.83,309.83,0,309.83,309.83,309.83,0,309.83,309.83,309.83,309.83,0
51840,"1","1",1330.34,1330.34,0,1330.34,1330.34,1330.34,0,1330.34,1330.34,1330.34,1330.34,0
51926,"1","1",1062.48,1062.48,0,1062.48,1062.48,1062.48,0,1062.48,1062.48,1062.48,1062.48,0
51927,"1","1",1062.48,1062.48,0,1062.48,1062.48,1062.48,0,1062.48,1062.48,1062.48,1062.48,0
51920,"1","1",5888.28,5888.28,0,5888.28,5888.28,5888.28,0,5888.28,5888.28,5888.28,5888.28,0
50405,"1","1",1210.55,1210.55,0,1210.55,1210.55,1210.55,0,1210.55,1210.55,1210.55,1210.55,0
50385,"1","1",378.74,378.74,0,378.74,378.74,378.74,0,378.74,378.74,378.74,378.74,0
49492,"1","1",0,0,0,0,0,0,0,0,0,0,0,0
49770,"1","1",2998.78,2998.78,0,2998.78,2998.78,2998.78,0,2998.78,2998.78,2998.78,2998.78,0
49771,"1","1",2998.78,2998.78,0,2998.78,2998.78,2998.78,0,2998.78,2998.78,2998.78,2998.78,0
49731,"1","1",444.74,444.74,0,444.74,444.74,444.74,0,444.74,444.74,444.74,444.74,0
49797,"1","1",4115.19,4115.19,0,4115.19,4115.19,4115.19,0,4115.19,4115.19,4115.19,4115.19,0
56383,"1","1",1442.29,1442.29,0,1442.29,1442.29,1442.29,0,1442.29,1442.29,1442.29,1442.29,0
57016,"1","1",81.16,81.16,0,81.16,81.16,81.16,0,81.16,81.16,81.16,81.16,0
57015,"1","1",81.16,81.16,0,81.16,81.16,81.16,0,81.16,81.16,81.16,81.16,0
55467,"1","1",657.18,657.18,0,657.18,657.18,657.18,0,657.18,657.18,657.18,657.18,0
55498,"1","1",321.15,321.15,0,321.15,321.15,321.15,0,321.15,321.15,321.15,321.15,0
56124,"1","1",1088.29,1088.29,0,1088.29,1088.29,1088.29,0,1088.29,1088.29,1088.29,1088.29,0
56113,"1","1",647.41,647.41,0,647.41,647.41,647.41,0,647.41,647.41,647.41,647.41,0
56079,"1","1",1442.29,1442.29,0,1442.29,1442.29,1442.29,0,1442.29,1442.29,1442.29,1442.29,0
54574,"1","1",1311.33,1311.33,0,1311.33,1311.33,1311.33,0,1311.33,1311.33,1311.33,1311.33,0
54564,"8","8",172.36,13136.83,12964.47,32981.76,4122.72,2241.965,4207.645581706,172.36,172.36,1061.785,6532.535,5470.75
54565,"3","3",1712.32,17955.81,16243.49,27887.46,9295.82,8219.33,6674.92146695874,1712.32,1712.32,4965.825,13087.57,8121.745
54308,"3","3",47.93,11163.05,11115.12,15263.88,5087.96,4052.9,4596.37429983677,47.93,47.93,2050.415,7607.975,5557.56
54309,"1","1",11163.05,11163.05,0,11163.05,11163.05,11163.05,0,11163.05,11163.05,11163.05,11163.05,0
55163,"1","1",657.18,657.18,0,657.18,657.18,657.18,0,657.18,657.18,657.18,657.18,0
54884,"1","1",7069.32,7069.32,0,7069.32,7069.32,7069.32,0,7069.32,7069.32,7069.32,7069.32,0
54885,"1","1",7069.32,7069.32,0,7069.32,7069.32,7069.32,0,7069.32,7069.32,7069.32,7069.32,0
54878,"1","1",1311.33,1311.33,0,1311.33,1311.33,1311.33,0,1311.33,1311.33,1311.33,1311.33,0
54868,"3","3",4845.74,13136.83,8291.09,24456.11,8152.03666666667,6473.54,3586.87948334234,4845.74,4845.74,5659.64,9805.185,4145.545
54869,"1","1",6473.54,6473.54,0,6473.54,6473.54,6473.54,0,6473.54,6473.54,6473.54,6473.54,0
53669,"1","1",251.96,251.96,0,251.96,251.96,251.96,0,251.96,251.96,251.96,251.96,0
53757,"1","1",665.54,665.54,0,665.54,665.54,665.54,0,665.54,665.54,665.54,665.54,0
54260,"5","5",18.51,19358.59,19340.08,29410.03,5882.006,1004.36,7361.87979423897,18.51,18.51,809.24,8219.33,7410.09
54261,"4","4",178.48,19358.59,19180.11,45712.21,11428.0525,13087.57,7783.85869174915,178.48,178.48,4198.905,18657.2,14458.295
54004,"7","7",7.67,11163.05,11155.38,17842.7,2548.95714285714,50.25,3814.75716663483,7.67,7.67,29.205,3281.66,3252.455
54005,"2","2",2510.42,11163.05,8652.63,13673.47,6836.735,6836.735,4326.315,2510.42,2510.42,2510.42,11163.05,8652.63
54003,"1","1",4052.9,4052.9,0,4052.9,4052.9,4052.9,0,4052.9,4052.9,4052.9,4052.9,0
61256,"1","1",816.82,816.82,0,816.82,816.82,816.82,0,816.82,816.82,816.82,816.82,0
61340,"1","1",2070.61,2070.61,0,2070.61,2070.61,2070.61,0,2070.61,2070.61,2070.61,2070.61,0
61339,"1","1",1237.34,1237.34,0,1237.34,1237.34,1237.34,0,1237.34,1237.34,1237.34,1237.34,0
59718,"1","1",53.28,53.28,0,53.28,53.28,53.28,0,53.28,53.28,53.28,53.28,0
59834,"2","2",2996.27,9008.62,6012.35,12004.89,6002.445,6002.445,3006.175,2996.27,2996.27,2996.27,9008.62,6012.35
59835,"1","1",9008.62,9008.62,0,9008.62,9008.62,9008.62,0,9008.62,9008.62,9008.62,9008.62,0
59420,"1","1",742.36,742.36,0,742.36,742.36,742.36,0,742.36,742.36,742.36,742.36,0
59419,"1","1",742.36,742.36,0,742.36,742.36,742.36,0,742.36,742.36,742.36,742.36,0
59531,"1","1",9008.62,9008.62,0,9008.62,9008.62,9008.62,0,9008.62,9008.62,9008.62,9008.62,0
60344,"2","2",2871.55,16064.86,13193.31,18936.41,9468.205,9468.205,6596.655,2871.55,2871.55,2871.55,16064.86,13193.31
60040,"1","1",2871.55,2871.55,0,2871.55,2871.55,2871.55,0,2871.55,2871.55,2871.55,2871.55,0
60139,"1","1",3966.66,3966.66,0,3966.66,3966.66,3966.66,0,3966.66,3966.66,3966.66,3966.66,0
58528,"2","2",466.12,993.35,527.23,1459.47,729.735,729.735,263.615,466.12,466.12,466.12,993.35,527.23
58529,"1","1",993.35,993.35,0,993.35,993.35,993.35,0,993.35,993.35,993.35,993.35,0
58572,"1","1",4545.97,4545.97,0,4545.97,4545.97,4545.97,0,4545.97,4545.97,4545.97,4545.97,0
58573,"1","1",4545.97,4545.97,0,4545.97,4545.97,4545.97,0,4545.97,4545.97,4545.97,4545.97,0
59149,"2","2",8.75,54.19,45.44,62.94,31.47,31.47,22.72,8.75,8.75,8.75,54.19,45.44
59150,"1","1",8.75,8.75,0,8.75,8.75,8.75,0,8.75,8.75,8.75,8.75,0
59226,"1","1",5262.55,5262.55,0,5262.55,5262.55,5262.55,0,5262.55,5262.55,5262.55,5262.55,0
58922,"1","1",5262.55,5262.55,0,5262.55,5262.55,5262.55,0,5262.55,5262.55,5262.55,5262.55,0
57614,"1","1",469.42,469.42,0,469.42,469.42,469.42,0,469.42,469.42,469.42,469.42,0
57615,"1","1",469.42,469.42,0,469.42,469.42,469.42,0,469.42,469.42,469.42,469.42,0
58224,"1","1",466.12,466.12,0,466.12,466.12,466.12,0,466.12,466.12,466.12,466.12,0
58225,"1","1",466.12,466.12,0,466.12,466.12,466.12,0,466.12,466.12,466.12,466.12,0
58204,"1","1",257.78,257.78,0,257.78,257.78,257.78,0,257.78,257.78,257.78,257.78,0
58268,"1","1",4545.97,4545.97,0,4545.97,4545.97,4545.97,0,4545.97,4545.97,4545.97,4545.97,0
58269,"1","1",4545.97,4545.97,0,4545.97,4545.97,4545.97,0,4545.97,4545.97,4545.97,4545.97,0
58308,"2","2",106.6,1513.13,1406.53,1619.73,809.865,809.865,703.265,106.6,106.6,106.6,1513.13,1406.53
58307,"2","2",106.6,1513.13,1406.53,1619.73,809.865,809.865,703.265,106.6,106.6,106.6,1513.13,1406.53
57919,"1","1",972.68,972.68,0,972.68,972.68,972.68,0,972.68,972.68,972.68,972.68,0
64878,"1","1",550.38,550.38,0,550.38,550.38,550.38,0,550.38,550.38,550.38,550.38,0
64874,"1","1",391.34,391.34,0,391.34,391.34,391.34,0,391.34,391.34,391.34,391.34,0
64900,"1","1",3836.82,3836.82,0,3836.82,3836.82,3836.82,0,3836.82,3836.82,3836.82,3836.82,0
64901,"1","1",3836.82,3836.82,0,3836.82,3836.82,3836.82,0,3836.82,3836.82,3836.82,3836.82,0
64976,"3","3",100.2,43333.61,43233.41,46459.31,15486.4366666667,3025.5,19727.1072725667,100.2,100.2,1562.85,23179.555,21616.705
64977,"1","1",43333.61,43333.61,0,43333.61,43333.61,43333.61,0,43333.61,43333.61,43333.61,43333.61,0
64973,"1","1",8157.34,8157.34,0,8157.34,8157.34,8157.34,0,8157.34,8157.34,8157.34,8157.34,0
64974,"1","1",8157.34,8157.34,0,8157.34,8157.34,8157.34,0,8157.34,8157.34,8157.34,8157.34,0
64574,"2","2",359.79,550.38,190.59,910.17,455.085,455.085,95.295,359.79,359.79,359.79,550.38,190.59
64570,"1","1",391.34,391.34,0,391.34,391.34,391.34,0,391.34,391.34,391.34,391.34,0
64634,"6","6",1182.51,9736.34,8553.83,25207.9,4201.31666666667,2608.65,3094.50391918568,1182.51,1182.51,2047.08,7024.67,4977.59
64635,"1","1",7684.34,7684.34,0,7684.34,7684.34,7684.34,0,7684.34,7684.34,7684.34,7684.34,0
64596,"1","1",3836.82,3836.82,0,3836.82,3836.82,3836.82,0,3836.82,3836.82,3836.82,3836.82,0
64597,"1","1",3836.82,3836.82,0,3836.82,3836.82,3836.82,0,3836.82,3836.82,3836.82,3836.82,0
64687,"1","1",3410.89,3410.89,0,3410.89,3410.89,3410.89,0,3410.89,3410.89,3410.89,3410.89,0
64672,"2","2",11275.65,43333.61,32057.96,54609.26,27304.63,27304.63,16028.98,11275.65,11275.65,11275.65,43333.61,32057.96
64673,"1","1",43333.61,43333.61,0,43333.61,43333.61,43333.61,0,43333.61,43333.61,43333.61,43333.61,0
64669,"1","1",8157.34,8157.34,0,8157.34,8157.34,8157.34,0,8157.34,8157.34,8157.34,8157.34,0
64670,"1","1",8157.34,8157.34,0,8157.34,8157.34,8157.34,0,8157.34,8157.34,8157.34,8157.34,0
65280,"1","1",3025.5,3025.5,0,3025.5,3025.5,3025.5,0,3025.5,3025.5,3025.5,3025.5,0
65528,"1","1",7069.7,7069.7,0,7069.7,7069.7,7069.7,0,7069.7,7069.7,7069.7,7069.7,0
65527,"2","2",6387.1,7069.7,682.599999999999,13456.8,6728.4,6728.4,341.3,6387.1,6387.1,6387.1,7069.7,682.599999999999
65126,"1","1",255.465,255.465,0,255.465,255.465,255.465,0,255.465,255.465,255.465,255.465,0
65209,"1","1",424.73,424.73,0,424.73,424.73,424.73,0,424.73,424.73,424.73,424.73,0
65245,"1","1",152.96,152.96,0,152.96,152.96,152.96,0,152.96,152.96,152.96,152.96,0
63672,"2","2",8907.55,24225.29,15317.74,33132.84,16566.42,16566.42,7658.87,8907.55,8907.55,8907.55,24225.29,15317.74
63671,"1","1",8907.55,8907.55,0,8907.55,8907.55,8907.55,0,8907.55,8907.55,8907.55,8907.55,0
64297,"1","1",371.14,371.14,0,371.14,371.14,371.14,0,371.14,371.14,371.14,371.14,0
64288,"1","1",2401.74,2401.74,0,2401.74,2401.74,2401.74,0,2401.74,2401.74,2401.74,2401.74,0
64289,"1","1",707.13,707.13,0,707.13,707.13,707.13,0,707.13,707.13,707.13,707.13,0
64290,"1","1",707.13,707.13,0,707.13,707.13,707.13,0,707.13,707.13,707.13,707.13,0
64270,"1","1",359.79,359.79,0,359.79,359.79,359.79,0,359.79,359.79,359.79,359.79,0
64383,"1","1",3410.89,3410.89,0,3410.89,3410.89,3410.89,0,3410.89,3410.89,3410.89,3410.89,0
64330,"2","2",2506.63,9736.34,7229.71,12242.97,6121.485,6121.485,3614.855,2506.63,2506.63,2506.63,9736.34,7229.71
64331,"1","1",1859.18,1859.18,0,1859.18,1859.18,1859.18,0,1859.18,1859.18,1859.18,1859.18,0
62773,"1","1",564.47,564.47,0,564.47,564.47,564.47,0,564.47,564.47,564.47,564.47,0
62760,"3","3",4033.55,107115.87,103082.32,133590.3,44530.1,22440.88,44888.316254915,4033.55,4033.55,13237.215,64778.375,51541.16
62761,"1","1",1710.01,1710.01,0,1710.01,1710.01,1710.01,0,1710.01,1710.01,1710.01,1710.01,0
62759,"2","2",22440.88,107115.87,84674.99,129556.75,64778.375,64778.375,42337.495,22440.88,22440.88,22440.88,107115.87,84674.99
62473,"1","1",283.8,283.8,0,283.8,283.8,283.8,0,283.8,283.8,283.8,283.8,0
62469,"1","1",564.47,564.47,0,564.47,564.47,564.47,0,564.47,564.47,564.47,564.47,0
63388,"1","1",7058.47,7058.47,0,7058.47,7058.47,7058.47,0,7058.47,7058.47,7058.47,7058.47,0
63368,"3","3",8907.55,107115.87,98208.32,140248.71,46749.57,24225.29,43141.0548584091,8907.55,8907.55,16566.42,65670.58,49104.16
63369,"2","2",462.47,24225.29,23762.82,24687.76,12343.88,12343.88,11881.41,462.47,462.47,462.47,24225.29,23762.82
63370,"1","1",18690.02,18690.02,0,18690.02,18690.02,18690.02,0,18690.02,18690.02,18690.02,18690.02,0
63367,"1","1",107115.87,107115.87,0,107115.87,107115.87,107115.87,0,107115.87,107115.87,107115.87,107115.87,0
63084,"4","4",2793.25,9399.01,6605.76,24445.25,6111.3125,6126.495,2426.7318261025,2793.25,2793.25,3993.885,8228.74,4234.855
63083,"1","1",5194.52,5194.52,0,5194.52,5194.52,5194.52,0,5194.52,5194.52,5194.52,5194.52,0
63064,"1","1",107115.87,107115.87,0,107115.87,107115.87,107115.87,0,107115.87,107115.87,107115.87,107115.87,0
63065,"3","3",830.5,18690.02,17859.52,21230.53,7076.84333333333,1710.01,8219.60212656036,830.5,830.5,1270.255,10200.015,8929.76
63066,"1","1",18690.02,18690.02,0,18690.02,18690.02,18690.02,0,18690.02,18690.02,18690.02,18690.02,0
63063,"1","1",107115.87,107115.87,0,107115.87,107115.87,107115.87,0,107115.87,107115.87,107115.87,107115.87,0
61950,"1","1",2105.12,2105.12,0,2105.12,2105.12,2105.12,0,2105.12,2105.12,2105.12,2105.12,0
61561,"1","1",701.43,701.43,0,701.43,701.43,701.43,0,701.43,701.43,701.43,701.43,0
62456,"4","4",180.99,22440.88,22259.89,34729.44,8682.36,6053.785,8419.49636912743,180.99,180.99,2107.27,15257.45,13150.18
62457,"2","2",180.99,28423.44,28242.45,28604.43,14302.215,14302.215,14121.225,180.99,180.99,180.99,28423.44,28242.45
62454,"1","1",4599.86,4599.86,0,4599.86,4599.86,4599.86,0,4599.86,4599.86,4599.86,4599.86,0
62455,"2","2",8074.02,22440.88,14366.86,30514.9,15257.45,15257.45,7183.43,8074.02,8074.02,8074.02,22440.88,14366.86
62449,"1","1",267.56,267.56,0,267.56,267.56,267.56,0,267.56,267.56,267.56,267.56,0
62450,"1","1",267.56,267.56,0,267.56,267.56,267.56,0,267.56,267.56,267.56,267.56,0
62169,"1","1",283.8,283.8,0,283.8,283.8,283.8,0,283.8,283.8,283.8,283.8,0
36146,"1","1",119.79,119.79,0,119.79,119.79,119.79,0,119.79,119.79,119.79,119.79,0
36132,"1","1",1359.21,1359.21,0,1359.21,1359.21,1359.21,0,1359.21,1359.21,1359.21,1359.21,0
36131,"1","1",1359.21,1359.21,0,1359.21,1359.21,1359.21,0,1359.21,1359.21,1359.21,1359.21,0
36104,"1","1",791.16,791.16,0,791.16,791.16,791.16,0,791.16,791.16,791.16,791.16,0
36102,"1","1",2582.96,2582.96,0,2582.96,2582.96,2582.96,0,2582.96,2582.96,2582.96,2582.96,0
36103,"3","3",1838.91,2582.96,744.05,6860.12,2286.70666666667,2438.25,322.104162276049,1838.91,1838.91,2138.58,2510.605,372.025
101759,"1","1",2159.72,2159.72,0,2159.72,2159.72,2159.72,0,2159.72,2159.72,2159.72,2159.72,0
101708,"3","1",3916.88,3916.88,0,11750.64,3916.88,3916.88,4.54747350886464e-13,3916.88,3916.88,3916.88,3916.88,0
101711,"1","1",1455.98,1455.98,0,1455.98,1455.98,1455.98,0,1455.98,1455.98,1455.98,1455.98,0
101767,"1","1",2082.53,2082.53,0,2082.53,2082.53,2082.53,0,2082.53,2082.53,2082.53,2082.53,0
101760,"1","1",2159.72,2159.72,0,2159.72,2159.72,2159.72,0,2159.72,2159.72,2159.72,2159.72,0
101409,"1","1",2999.89,2999.89,0,2999.89,2999.89,2999.89,0,2999.89,2999.89,2999.89,2999.89,0
36095,"1","1",2175.58,2175.58,0,2175.58,2175.58,2175.58,0,2175.58,2175.58,2175.58,2175.58,0
36080,"1","1",8638.19,8638.19,0,8638.19,8638.19,8638.19,0,8638.19,8638.19,8638.19,8638.19,0
36081,"1","1",8638.19,8638.19,0,8638.19,8638.19,8638.19,0,8638.19,8638.19,8638.19,8638.19,0
36724,"1","1",2549.84,2549.84,0,2549.84,2549.84,2549.84,0,2549.84,2549.84,2549.84,2549.84,0
36688,"1","1",795.7,795.7,0,795.7,795.7,795.7,0,795.7,795.7,795.7,795.7,0
36689,"1","1",795.7,795.7,0,795.7,795.7,795.7,0,795.7,795.7,795.7,795.7,0
36682,"1","1",10419.75,10419.75,0,10419.75,10419.75,10419.75,0,10419.75,10419.75,10419.75,10419.75,0
36753,"3","3",615.81,3675.4,3059.59,6630.22,2210.07333333333,2339.01,1252.39536889204,615.81,615.81,1477.41,3007.205,1529.795
36754,"2","2",2339.01,6904.19,4565.18,9243.2,4621.6,4621.6,2282.59,2339.01,2339.01,2339.01,6904.19,4565.18
36755,"1","1",6904.19,6904.19,0,6904.19,6904.19,6904.19,0,6904.19,6904.19,6904.19,6904.19,0
36406,"1","1",2582.96,2582.96,0,2582.96,2582.96,2582.96,0,2582.96,2582.96,2582.96,2582.96,0
36407,"2","2",1838.91,2582.96,744.05,4421.87,2210.935,2210.935,372.025,1838.91,1838.91,1838.91,2582.96,744.05
36397,"1","1",3717.213,3717.213,0,3717.213,3717.213,3717.213,0,3717.213,3717.213,3717.213,3717.213,0
36399,"1","1",2175.58,2175.58,0,2175.58,2175.58,2175.58,0,2175.58,2175.58,2175.58,2175.58,0
36384,"1","1",795.7,795.7,0,795.7,795.7,795.7,0,795.7,795.7,795.7,795.7,0
36385,"1","1",795.7,795.7,0,795.7,795.7,795.7,0,795.7,795.7,795.7,795.7,0
102012,"3","1",3916.88,3916.88,0,11750.64,3916.88,3916.88,4.54747350886464e-13,3916.88,3916.88,3916.88,3916.88,0
102010,"1","1",5264.79,5264.79,0,5264.79,5264.79,5264.79,0,5264.79,5264.79,5264.79,5264.79,0
102011,"1","1",5264.79,5264.79,0,5264.79,5264.79,5264.79,0,5264.79,5264.79,5264.79,5264.79,0
36449,"1","1",615.81,615.81,0,615.81,615.81,615.81,0,615.81,615.81,615.81,615.81,0
36450,"2","2",119.79,2214.52,2094.73,2334.31,1167.155,1167.155,1047.365,119.79,119.79,119.79,2214.52,2094.73
36420,"1","1",2549.84,2549.84,0,2549.84,2549.84,2549.84,0,2549.84,2549.84,2549.84,2549.84,0
102064,"1","1",4759.92,4759.92,0,4759.92,4759.92,4759.92,0,4759.92,4759.92,4759.92,4759.92,0
102065,"1","1",4759.92,4759.92,0,4759.92,4759.92,4759.92,0,4759.92,4759.92,4759.92,4759.92,0
36580,"1","1",6.71,6.71,0,6.71,6.71,6.71,0,6.71,6.71,6.71,6.71,0
35154,"1","1",4566.05,4566.05,0,4566.05,4566.05,4566.05,0,4566.05,4566.05,4566.05,4566.05,0
35139,"1","1",3737.23,3737.23,0,3737.23,3737.23,3737.23,0,3737.23,3737.23,3737.23,3737.23,0
100810,"6","4",1674.12,4272.11,2597.99,14652.01,2442.00166666667,1766.325,1046.8945407158,1858.53,1674.12,1674.12,3499.01,1824.89
34917,"1","1",1478.34,1478.34,0,1478.34,1478.34,1478.34,0,1478.34,1478.34,1478.34,1478.34,0
34904,"1","1",3690.24,3690.24,0,3690.24,3690.24,3690.24,0,3690.24,3690.24,3690.24,3690.24,0
34903,"4","4",3409.59,4866.76,1457.17,15567.7,3891.925,3645.675,571.882971616571,3409.59,3409.59,3505.35,4278.5,773.15
35824,"1","1",5070.99,5070.99,0,5070.99,5070.99,5070.99,0,5070.99,5070.99,5070.99,5070.99,0
35821,"1","1",1495.18,1495.18,0,1495.18,1495.18,1495.18,0,1495.18,1495.18,1495.18,1495.18,0
35822,"1","1",4838.79,4838.79,0,4838.79,4838.79,4838.79,0,4838.79,4838.79,4838.79,4838.79,0
35800,"2","2",791.16,2438.25,1647.09,3229.41,1614.705,1614.705,823.545,791.16,791.16,791.16,2438.25,1647.09
35799,"1","1",2438.25,2438.25,0,2438.25,2438.25,2438.25,0,2438.25,2438.25,2438.25,2438.25,0
35792,"3","3",822.25,6212.07,5389.82,9758.77,3252.92333333333,2724.45,2231.89052242463,822.25,822.25,1773.35,4468.26,2694.91
35791,"1","1",6212.07,6212.07,0,6212.07,6212.07,6212.07,0,6212.07,6212.07,6212.07,6212.07,0
35786,"1","1",1276.71,1276.71,0,1276.71,1276.71,1276.71,0,1276.71,1276.71,1276.71,1276.71,0
35397,"1","1",675.82,675.82,0,675.82,675.82,675.82,0,675.82,675.82,675.82,675.82,0
35488,"1","1",822.25,822.25,0,822.25,822.25,822.25,0,822.25,822.25,822.25,822.25,0
35487,"1","1",6212.07,6212.07,0,6212.07,6212.07,6212.07,0,6212.07,6212.07,6212.07,6212.07,0
35458,"1","1",4566.05,4566.05,0,4566.05,4566.05,4566.05,0,4566.05,4566.05,4566.05,4566.05,0
101114,"2","2",3499.01,4996.53,1497.52,8495.54,4247.77,4247.77,748.76,3499.01,3499.01,3499.01,4996.53,1497.52
101105,"1","1",2999.89,2999.89,0,2999.89,2999.89,2999.89,0,2999.89,2999.89,2999.89,2999.89,0
99626,"1","1",2231.06,2231.06,0,2231.06,2231.06,2231.06,0,2231.06,2231.06,2231.06,2231.06,0
99592,"2","2",8509.75,44205.64,35695.89,52715.39,26357.695,26357.695,17847.945,8509.75,8509.75,8509.75,44205.64,35695.89
34270,"1","1",5185.66,5185.66,0,5185.66,5185.66,5185.66,0,5185.66,5185.66,5185.66,5185.66,0
34265,"1","1",5780.18,5780.18,0,5780.18,5780.18,5780.18,0,5780.18,5780.18,5780.18,5780.18,0
33962,"5","1",6542.72,6542.72,0,32713.6,6542.72,6542.72,0,6542.72,6542.72,6542.72,6542.72,0
33943,"1","1",4007.12,4007.12,0,4007.12,4007.12,4007.12,0,4007.12,4007.12,4007.12,4007.12,0
34602,"1","1",2395.2,2395.2,0,2395.2,2395.2,2395.2,0,2395.2,2395.2,2395.2,2395.2,0
34562,"1","1",1597.35,1597.35,0,1597.35,1597.35,1597.35,0,1597.35,1597.35,1597.35,1597.35,0
100201,"1","1",9066.23,9066.23,0,9066.23,9066.23,9066.23,0,9066.23,9066.23,9066.23,9066.23,0
100202,"1","1",9066.23,9066.23,0,9066.23,9066.23,9066.23,0,9066.23,9066.23,9066.23,9066.23,0
99896,"1","1",8509.75,8509.75,0,8509.75,8509.75,8509.75,0,8509.75,8509.75,8509.75,8509.75,0
33052,"1","1",14277.71,14277.71,0,14277.71,14277.71,14277.71,0,14277.71,14277.71,14277.71,14277.71,0
33053,"1","1",14277.71,14277.71,0,14277.71,14277.71,14277.71,0,14277.71,14277.71,14277.71,14277.71,0
33016,"1","1",44646.41,44646.41,0,44646.41,44646.41,44646.41,0,44646.41,44646.41,44646.41,44646.41,0
33015,"1","1",30.69,30.69,0,30.69,30.69,30.69,0,30.69,30.69,30.69,30.69,0
33637,"1","1",1395.49,1395.49,0,1395.49,1395.49,1395.49,0,1395.49,1395.49,1395.49,1395.49,0
33638,"1","1",1395.49,1395.49,0,1395.49,1395.49,1395.49,0,1395.49,1395.49,1395.49,1395.49,0
98986,"1","1",3963.13,3963.13,0,3963.13,3963.13,3963.13,0,3963.13,3963.13,3963.13,3963.13,0
105951,"1","1",13451.06,13451.06,0,13451.06,13451.06,13451.06,0,13451.06,13451.06,13451.06,13451.06,0
105652,"5","2",62927.28,63722.08,794.800000000003,316226,63245.2,62927.28,389.370889512815,63722.08,62927.28,62927.28,63722.08,794.800000000003
105653,"5","2",62927.28,63722.08,794.800000000003,316226,63245.2,62927.28,389.370889512815,63722.08,62927.28,62927.28,63722.08,794.800000000003
106255,"1","1",13451.06,13451.06,0,13451.06,13451.06,13451.06,0,13451.06,13451.06,13451.06,13451.06,0
40864,"1","1",2316.16,2316.16,0,2316.16,2316.16,2316.16,0,2316.16,2316.16,2316.16,2316.16,0
40849,"1","1",2093.1,2093.1,0,2093.1,2093.1,2093.1,0,2093.1,2093.1,2093.1,2093.1,0
40836,"1","1",5357.24,5357.24,0,5357.24,5357.24,5357.24,0,5357.24,5357.24,5357.24,5357.24,0
40907,"2","2",574.13,2270.79,1696.66,2844.92,1422.46,1422.46,848.33,574.13,574.13,574.13,2270.79,1696.66
40532,"1","1",5357.24,5357.24,0,5357.24,5357.24,5357.24,0,5357.24,5357.24,5357.24,5357.24,0
39414,"1","1",9166.91,9166.91,0,9166.91,9166.91,9166.91,0,9166.91,9166.91,9166.91,9166.91,0
39028,"1","1",448.81,448.81,0,448.81,448.81,448.81,0,448.81,448.81,448.81,448.81,0
39062,"1","1",3490.29,3490.29,0,3490.29,3490.29,3490.29,0,3490.29,3490.29,3490.29,3490.29,0
39122,"1","1",221.49,221.49,0,221.49,221.49,221.49,0,221.49,221.49,221.49,221.49,0
39110,"4","4",3244.43,9166.91,5922.48,25935.82,6483.955,6762.24,2666.62599673726,3244.43,3244.43,3852.47,9115.44,5262.97
39111,"1","1",9063.97,9063.97,0,9063.97,9063.97,9063.97,0,9063.97,9063.97,9063.97,9063.97,0
39764,"1","1",2976.75,2976.75,0,2976.75,2976.75,2976.75,0,2976.75,2976.75,2976.75,2976.75,0
39765,"1","1",2976.75,2976.75,0,2976.75,2976.75,2976.75,0,2976.75,2976.75,2976.75,2976.75,0
105348,"5","2",62927.28,63722.08,794.800000000003,316226,63245.2,62927.28,389.370889512815,63722.08,62927.28,62927.28,63722.08,794.800000000003
105349,"1","1",14512.02,14512.02,0,14512.02,14512.02,14512.02,0,14512.02,14512.02,14512.02,14512.02,0
105350,"1","1",14512.02,14512.02,0,14512.02,14512.02,14512.02,0,14512.02,14512.02,14512.02,14512.02,0
39460,"1","1",2976.75,2976.75,0,2976.75,2976.75,2976.75,0,2976.75,2976.75,2976.75,2976.75,0
39461,"1","1",2976.75,2976.75,0,2976.75,2976.75,2976.75,0,2976.75,2976.75,2976.75,2976.75,0
39432,"1","1",1363.14,1363.14,0,1363.14,1363.14,1363.14,0,1363.14,1363.14,1363.14,1363.14,0
39431,"1","1",1363.14,1363.14,0,1363.14,1363.14,1363.14,0,1363.14,1363.14,1363.14,1363.14,0
38196,"1","1",4091.29,4091.29,0,4091.29,4091.29,4091.29,0,4091.29,4091.29,4091.29,4091.29,0
38194,"1","1",3527.1,3527.1,0,3527.1,3527.1,3527.1,0,3527.1,3527.1,3527.1,3527.1,0
38195,"1","1",1477.69,1477.69,0,1477.69,1477.69,1477.69,0,1477.69,1477.69,1477.69,1477.69,0
38167,"1","1",307.57,307.57,0,307.57,307.57,307.57,0,307.57,307.57,307.57,307.57,0
38246,"4","2",2272.58,7672.79,5400.21,25290.95,6322.7375,7672.79,2338.35952288538,2272.58,7672.79,4972.685,7672.79,2700.105
38237,"1","1",2337.69,2337.69,0,2337.69,2337.69,2337.69,0,2337.69,2337.69,2337.69,2337.69,0
38234,"2","2",1971.43,9891.96,7920.53,11863.39,5931.695,5931.695,3960.265,1971.43,1971.43,1971.43,9891.96,7920.53
38235,"2","2",1971.43,9891.96,7920.53,11863.39,5931.695,5931.695,3960.265,1971.43,1971.43,1971.43,9891.96,7920.53
37942,"1","1",2272.58,2272.58,0,2272.58,2272.58,2272.58,0,2272.58,2272.58,2272.58,2272.58,0
37897,"1","1",436.65,436.65,0,436.65,436.65,436.65,0,436.65,436.65,436.65,436.65,0
37890,"1","1",3527.1,3527.1,0,3527.1,3527.1,3527.1,0,3527.1,3527.1,3527.1,3527.1,0
38840,"1","1",15130.71,15130.71,0,15130.71,15130.71,15130.71,0,15130.71,15130.71,15130.71,15130.71,0
38839,"3","3",6443.49,15130.71,8687.22,32126.97,10708.99,10552.77,3548.26261226533,6443.49,6443.49,8498.13,12841.74,4343.61
38806,"1","1",3244.43,3244.43,0,3244.43,3244.43,3244.43,0,3244.43,3244.43,3244.43,3244.43,0
38411,"1","1",3508.64,3508.64,0,3508.64,3508.64,3508.64,0,3508.64,3508.64,3508.64,3508.64,0
38538,"1","1",9891.96,9891.96,0,9891.96,9891.96,9891.96,0,9891.96,9891.96,9891.96,9891.96,0
38539,"1","1",9891.96,9891.96,0,9891.96,9891.96,9891.96,0,9891.96,9891.96,9891.96,9891.96,0
38534,"1","1",6443.49,6443.49,0,6443.49,6443.49,6443.49,0,6443.49,6443.49,6443.49,6443.49,0
38535,"1","1",6443.49,6443.49,0,6443.49,6443.49,6443.49,0,6443.49,6443.49,6443.49,6443.49,0
102680,"1","1",2990.9,2990.9,0,2990.9,2990.9,2990.9,0,2990.9,2990.9,2990.9,2990.9,0
102679,"1","1",2990.9,2990.9,0,2990.9,2990.9,2990.9,0,2990.9,2990.9,2990.9,2990.9,0
37290,"1","1",1231.765,1231.765,0,1231.765,1231.765,1231.765,0,1231.765,1231.765,1231.765,1231.765,0
37332,"1","1",1238.68,1238.68,0,1238.68,1238.68,1238.68,0,1238.68,1238.68,1238.68,1238.68,0
37333,"1","1",1238.68,1238.68,0,1238.68,1238.68,1238.68,0,1238.68,1238.68,1238.68,1238.68,0
36986,"3","3",3153.7,10419.75,7266.05,18861.35,6287.11666666667,5287.9,3049.33830099071,3153.7,3153.7,4220.8,7853.825,3633.025
36987,"1","1",5287.9,5287.9,0,5287.9,5287.9,5287.9,0,5287.9,5287.9,5287.9,5287.9,0
37028,"1","1",1238.68,1238.68,0,1238.68,1238.68,1238.68,0,1238.68,1238.68,1238.68,1238.68,0
37029,"1","1",1238.68,1238.68,0,1238.68,1238.68,1238.68,0,1238.68,1238.68,1238.68,1238.68,0
37061,"1","1",7964.36,7964.36,0,7964.36,7964.36,7964.36,0,7964.36,7964.36,7964.36,7964.36,0
37062,"1","1",7964.36,7964.36,0,7964.36,7964.36,7964.36,0,7964.36,7964.36,7964.36,7964.36,0
37639,"1","1",4652.48,4652.48,0,4652.48,4652.48,4652.48,0,4652.48,4652.48,4652.48,4652.48,0
103248,"3","3",5218.69,22147.45,16928.76,34772.7,11590.9,7406.56,7517.85672964044,5218.69,5218.69,6312.625,14777.005,8464.38
103246,"1","1",86071.71,86071.71,0,86071.71,86071.71,86071.71,0,86071.71,86071.71,86071.71,86071.71,0
103247,"4","4",5309.87,86071.71,80761.84,120935.59,30233.8975,14777.005,32884.4432145166,5309.87,5309.87,6358.215,54109.58,47751.365
37805,"1","1",30149.17,30149.17,0,30149.17,30149.17,30149.17,0,30149.17,30149.17,30149.17,30149.17,0
37838,"1","1",1385.11,1385.11,0,1385.11,1385.11,1385.11,0,1385.11,1385.11,1385.11,1385.11,0
102944,"4","4",508.93,22147.45,21638.52,35281.63,8820.4075,6312.625,8087.98574635358,508.93,508.93,2863.81,14777.005,11913.195
102945,"4","4",1931.46,22147.45,20215.99,37368.4,9342.1,6644.745,7705.73305322407,1931.46,1931.46,3575.075,15109.125,11534.05
102942,"1","1",86071.71,86071.71,0,86071.71,86071.71,86071.71,0,86071.71,86071.71,86071.71,86071.71,0
102943,"2","2",22147.45,86071.71,63924.26,108219.16,54109.58,54109.58,31962.13,22147.45,22147.45,22147.45,86071.71,63924.26
37500,"1","1",30149.17,30149.17,0,30149.17,30149.17,30149.17,0,30149.17,30149.17,30149.17,30149.17,0
37501,"1","1",30149.17,30149.17,0,30149.17,30149.17,30149.17,0,30149.17,30149.17,30149.17,30149.17,0
102977,"1","1",1312.81,1312.81,0,1312.81,1312.81,1312.81,0,1312.81,1312.81,1312.81,1312.81,0
37592,"1","1",3636.19,3636.19,0,3636.19,3636.19,3636.19,0,3636.19,3636.19,3636.19,3636.19,0
37595,"1","1",6495.83,6495.83,0,6495.83,6495.83,6495.83,0,6495.83,6495.83,6495.83,6495.83,0
44536,"2","2",651.04,5198.13,4547.09,5849.17,2924.585,2924.585,2273.545,651.04,651.04,651.04,5198.13,4547.09
44537,"1","1",104.7,104.7,0,104.7,104.7,104.7,0,104.7,104.7,104.7,104.7,0
44487,"1","1",2457.66,2457.66,0,2457.66,2457.66,2457.66,0,2457.66,2457.66,2457.66,2457.66,0
44195,"1","1",480.32,480.32,0,480.32,480.32,480.32,0,480.32,480.32,480.32,480.32,0
44190,"1","1",3518.85,3518.85,0,3518.85,3518.85,3518.85,0,3518.85,3518.85,3518.85,3518.85,0
44191,"1","1",3518.85,3518.85,0,3518.85,3518.85,3518.85,0,3518.85,3518.85,3518.85,3518.85,0
44180,"1","1",359.21,359.21,0,359.21,359.21,359.21,0,359.21,359.21,359.21,359.21,0
44179,"1","1",359.21,359.21,0,359.21,359.21,359.21,0,359.21,359.21,359.21,359.21,0
44624,"1","1",4469.06,4469.06,0,4469.06,4469.06,4469.06,0,4469.06,4469.06,4469.06,4469.06,0
44625,"1","1",4469.06,4469.06,0,4469.06,4469.06,4469.06,0,4469.06,4469.06,4469.06,4469.06,0
44791,"1","1",2457.66,2457.66,0,2457.66,2457.66,2457.66,0,2457.66,2457.66,2457.66,2457.66,0
43400,"1","1",8521.41,8521.41,0,8521.41,8521.41,8521.41,0,8521.41,8521.41,8521.41,8521.41,0
43394,"1","1",2601.09,2601.09,0,2601.09,2601.09,2601.09,0,2601.09,2601.09,2601.09,2601.09,0
43395,"1","1",2601.09,2601.09,0,2601.09,2601.09,2601.09,0,2601.09,2601.09,2601.09,2601.09,0
43096,"2","2",8521.41,29989.16,21467.75,38510.57,19255.285,19255.285,10733.875,8521.41,8521.41,8521.41,29989.16,21467.75
43094,"1","1",39949.35,39949.35,0,39949.35,39949.35,39949.35,0,39949.35,39949.35,39949.35,39949.35,0
43095,"2","2",29989.16,39949.35,9960.19,69938.51,34969.255,34969.255,4980.095,29989.16,29989.16,29989.16,39949.35,9960.19
43892,"1","1",3809.56,3809.56,0,3809.56,3809.56,3809.56,0,3809.56,3809.56,3809.56,3809.56,0
43890,"1","1",16.53,16.53,0,16.53,16.53,16.53,0,16.53,16.53,16.53,16.53,0
43891,"1","1",480.32,480.32,0,480.32,480.32,480.32,0,480.32,480.32,480.32,480.32,0
43927,"1","1",3548.84,3548.84,0,3548.84,3548.84,3548.84,0,3548.84,3548.84,3548.84,3548.84,0
43588,"1","1",3809.56,3809.56,0,3809.56,3809.56,3809.56,0,3809.56,3809.56,3809.56,3809.56,0
43584,"1","1",14625.42,14625.42,0,14625.42,14625.42,14625.42,0,14625.42,14625.42,14625.42,14625.42,0
43586,"3","2",7.93,16.53,8.6,40.99,13.6633333333333,16.53,4.05407887880287,7.93,16.53,12.23,16.53,4.3
42349,"1","1",282.18,282.18,0,282.18,282.18,282.18,0,282.18,282.18,282.18,282.18,0
42368,"2","2",699.84,2940.02,2240.18,3639.86,1819.93,1819.93,1120.09,699.84,699.84,699.84,2940.02,2240.18
42474,"1","1",9395.74,9395.74,0,9395.74,9395.74,9395.74,0,9395.74,9395.74,9395.74,9395.74,0
42466,"2","2",2348.81,2810.92,462.11,5159.73,2579.865,2579.865,231.055,2348.81,2348.81,2348.81,2810.92,462.11
42467,"3","3",2348.81,10359.63,8010.82,15519.36,5173.12,2810.92,3672.265504027,2348.81,2348.81,2579.865,6585.275,4005.41
42067,"1","1",2846.11,2846.11,0,2846.11,2846.11,2846.11,0,2846.11,2846.11,2846.11,2846.11,0
42170,"1","1",9395.74,9395.74,0,9395.74,9395.74,9395.74,0,9395.74,9395.74,9395.74,9395.74,0
42161,"1","1",3173.83,3173.83,0,3173.83,3173.83,3173.83,0,3173.83,3173.83,3173.83,3173.83,0
42177,"1","1",3367.1,3367.1,0,3367.1,3367.1,3367.1,0,3367.1,3367.1,3367.1,3367.1,0
42792,"1","1",29989.16,29989.16,0,29989.16,29989.16,29989.16,0,29989.16,29989.16,29989.16,29989.16,0
42790,"1","1",39949.35,39949.35,0,39949.35,39949.35,39949.35,0,39949.35,39949.35,39949.35,39949.35,0
42791,"2","2",29989.16,39949.35,9960.19,69938.51,34969.255,34969.255,4980.095,29989.16,29989.16,29989.16,39949.35,9960.19
43002,"1","1",267.1,267.1,0,267.1,267.1,267.1,0,267.1,267.1,267.1,267.1,0
42984,"1","1",16754.38,16754.38,0,16754.38,16754.38,16754.38,0,16754.38,16754.38,16754.38,16754.38,0
42983,"1","1",16754.38,16754.38,0,16754.38,16754.38,16754.38,0,16754.38,16754.38,16754.38,16754.38,0
42972,"2","2",2541.36,7373.15,4831.79,9914.51,4957.255,4957.255,2415.895,2541.36,2541.36,2541.36,7373.15,4831.79
42973,"1","1",2541.36,2541.36,0,2541.36,2541.36,2541.36,0,2541.36,2541.36,2541.36,2541.36,0
42680,"3","3",25.89,16754.38,16728.49,18166.4,6055.46666666667,1386.13,7585.62777450592,25.89,25.89,706.01,9070.255,8364.245
42679,"2","2",25.89,16754.38,16728.49,16780.27,8390.135,8390.135,8364.245,25.89,25.89,25.89,16754.38,16728.49
42668,"1","1",7373.15,7373.15,0,7373.15,7373.15,7373.15,0,7373.15,7373.15,7373.15,7373.15,0
42655,"1","1",487.63,487.63,0,487.63,487.63,487.63,0,487.63,487.63,487.63,487.63,0
42698,"1","1",267.1,267.1,0,267.1,267.1,267.1,0,267.1,267.1,267.1,267.1,0
41248,"1","1",2499.95,2499.95,0,2499.95,2499.95,2499.95,0,2499.95,2499.95,2499.95,2499.95,0
41293,"2","2",347.86,714.66,366.8,1062.52,531.26,531.26,183.4,347.86,347.86,347.86,714.66,366.8
41462,"1","1",1416.62,1416.62,0,1416.62,1416.62,1416.62,0,1416.62,1416.62,1416.62,1416.62,0
41434,"2","2",87.04,8797.17,8710.13,8884.21,4442.105,4442.105,4355.065,87.04,87.04,87.04,8797.17,8710.13
41428,"1","1",2424.41,2424.41,0,2424.41,2424.41,2424.41,0,2424.41,2424.41,2424.41,2424.41,0
41427,"1","1",2424.41,2424.41,0,2424.41,2424.41,2424.41,0,2424.41,2424.41,2424.41,2424.41,0
40989,"1","1",347.86,347.86,0,347.86,347.86,347.86,0,347.86,347.86,347.86,347.86,0
41137,"1","1",4452.12,4452.12,0,4452.12,4452.12,4452.12,0,4452.12,4452.12,4452.12,4452.12,0
41161,"1","1",499.92,499.92,0,499.92,499.92,499.92,0,499.92,499.92,499.92,499.92,0
41738,"2","2",87.04,8797.17,8710.13,8884.21,4442.105,4442.105,4355.065,87.04,87.04,87.04,8797.17,8710.13
41732,"2","2",2424.41,3923.21,1498.8,6347.62,3173.81,3173.81,749.4,2424.41,2424.41,2424.41,3923.21,1498.8
41731,"1","1",2424.41,2424.41,0,2424.41,2424.41,2424.41,0,2424.41,2424.41,2424.41,2424.41,0
41812,"1","1",4089.11,4089.11,0,4089.11,4089.11,4089.11,0,4089.11,4089.11,4089.11,4089.11,0
41872,"1","1",7201.07,7201.07,0,7201.07,7201.07,7201.07,0,7201.07,7201.07,7201.07,7201.07,0
41873,"1","1",3367.1,3367.1,0,3367.1,3367.1,3367.1,0,3367.1,3367.1,3367.1,3367.1,0
48462,"1","1",4433.3,4433.3,0,4433.3,4433.3,4433.3,0,4433.3,4433.3,4433.3,4433.3,0
48765,"1","1",1591.48,1591.48,0,1591.48,1591.48,1591.48,0,1591.48,1591.48,1591.48,1591.48,0
48766,"1","1",1591.48,1591.48,0,1591.48,1591.48,1591.48,0,1591.48,1591.48,1591.48,1591.48,0
47275,"1","1",9958.65,9958.65,0,9958.65,9958.65,9958.65,0,9958.65,9958.65,9958.65,9958.65,0
47336,"1","1",7118.22,7118.22,0,7118.22,7118.22,7118.22,0,7118.22,7118.22,7118.22,7118.22,0
46374,"1","1",1380.65,1380.65,0,1380.65,1380.65,1380.65,0,1380.65,1380.65,1380.65,1380.65,0
46341,"1","1",5522.56,5522.56,0,5522.56,5522.56,5522.56,0,5522.56,5522.56,5522.56,5522.56,0
46342,"1","1",4550.01,4550.01,0,4550.01,4550.01,4550.01,0,4550.01,4550.01,4550.01,4550.01,0
46412,"1","1",44370.56,44370.56,0,44370.56,44370.56,44370.56,0,44370.56,44370.56,44370.56,44370.56,0
46411,"1","1",44370.56,44370.56,0,44370.56,44370.56,44370.56,0,44370.56,44370.56,44370.56,44370.56,0
46125,"2","2",599.84,5000.5,4400.66,5600.34,2800.17,2800.17,2200.33,599.84,599.84,599.84,5000.5,4400.66
46108,"2","2",4035.48,44370.56,40335.08,48406.04,24203.02,24203.02,20167.54,4035.48,4035.48,4035.48,44370.56,40335.08
46972,"2","2",4166.88,9958.65,5791.77,14125.53,7062.765,7062.765,2895.885,4166.88,4166.88,4166.88,9958.65,5791.77
46970,"1","1",18654.24,18654.24,0,18654.24,18654.24,18654.24,0,18654.24,18654.24,18654.24,18654.24,0
46971,"4","4",4166.88,18654.24,14487.36,44776.68,11194.17,10977.78,5177.0249740319,4166.88,4166.88,7062.765,15325.575,8262.81
46933,"1","1",1668.55,1668.55,0,1668.55,1668.55,1668.55,0,1668.55,1668.55,1668.55,1668.55,0
47059,"1","1",3417.73,3417.73,0,3417.73,3417.73,3417.73,0,3417.73,3417.73,3417.73,3417.73,0
46667,"2","2",4166.88,11996.91,7830.03,16163.79,8081.895,8081.895,3915.015,4166.88,4166.88,4166.88,11996.91,7830.03
45402,"1","1",3437.8,3437.8,0,3437.8,3437.8,3437.8,0,3437.8,3437.8,3437.8,3437.8,0
45461,"1","1",4996.11,4996.11,0,4996.11,4996.11,4996.11,0,4996.11,4996.11,4996.11,4996.11,0
45462,"1","1",4996.11,4996.11,0,4996.11,4996.11,4996.11,0,4996.11,4996.11,4996.11,4996.11,0
45458,"1","1",476.11,476.11,0,476.11,476.11,476.11,0,476.11,476.11,476.11,476.11,0
45086,"1","1",3228.37,3228.37,0,3228.37,3228.37,3228.37,0,3228.37,3228.37,3228.37,3228.37,0
45233,"1","1",12678.26,12678.26,0,12678.26,12678.26,12678.26,0,12678.26,12678.26,12678.26,12678.26,0
45234,"1","1",7399.81,7399.81,0,7399.81,7399.81,7399.81,0,7399.81,7399.81,7399.81,7399.81,0
45840,"1","1",1779.46,1779.46,0,1779.46,1779.46,1779.46,0,1779.46,1779.46,1779.46,1779.46,0
45841,"1","1",1779.46,1779.46,0,1779.46,1779.46,1779.46,0,1779.46,1779.46,1779.46,1779.46,0
46037,"1","1",5522.56,5522.56,0,5522.56,5522.56,5522.56,0,5522.56,5522.56,5522.56,5522.56,0
46038,"1","1",4550.01,4550.01,0,4550.01,4550.01,4550.01,0,4550.01,4550.01,4550.01,4550.01,0
45704,"1","1",455.54,455.54,0,455.54,455.54,455.54,0,455.54,455.54,455.54,455.54,0
85503,"1","1",6629.48,6629.48,0,6629.48,6629.48,6629.48,0,6629.48,6629.48,6629.48,6629.48,0
19951,"1","1",1702.68,1702.68,0,1702.68,1702.68,1702.68,0,1702.68,1702.68,1702.68,1702.68,0
19936,"1","1",4994.71,4994.71,0,4994.71,4994.71,4994.71,0,4994.71,4994.71,4994.71,4994.71,0
19935,"2","2",3007.75,4994.71,1986.96,8002.46,4001.23,4001.23,993.48,3007.75,3007.75,3007.75,4994.71,1986.96
19620,"1","1",4998.23,4998.23,0,4998.23,4998.23,4998.23,0,4998.23,4998.23,4998.23,4998.23,0
85232,"1","1",1710,1710,0,1710,1710,1710,0,1710,1710,1710,1710,0
85231,"1","1",1710,1710,0,1710,1710,1710,0,1710,1710,1710,1710,0
85200,"1","1",1695.83,1695.83,0,1695.83,1695.83,1695.83,0,1695.83,1695.83,1695.83,1695.83,0
85201,"4","4",1695.83,40523.38,38827.55,55277.05,13819.2625,6528.92,15554.0026224335,1695.83,1695.83,3705.82,23932.705,20226.885
85202,"1","1",7342.03,7342.03,0,7342.03,7342.03,7342.03,0,7342.03,7342.03,7342.03,7342.03,0
85199,"1","1",6629.48,6629.48,0,6629.48,6629.48,6629.48,0,6629.48,6629.48,6629.48,6629.48,0
85809,"1","1",11944.83,11944.83,0,11944.83,11944.83,11944.83,0,11944.83,11944.83,11944.83,11944.83,0
85810,"1","1",11944.83,11944.83,0,11944.83,11944.83,11944.83,0,11944.83,11944.83,11944.83,11944.83,0
20268,"1","1",1731.52,1731.52,0,1731.52,1731.52,1731.52,0,1731.52,1731.52,1731.52,1731.52,0
20240,"1","1",3781.62,3781.62,0,3781.62,3781.62,3781.62,0,3781.62,3781.62,3781.62,3781.62,0
20241,"2","2",824.68,3781.62,2956.94,4606.3,2303.15,2303.15,1478.47,824.68,824.68,824.68,3781.62,2956.94
85880,"2","2",23.14,5142.16,5119.02,5165.3,2582.65,2582.65,2559.51,23.14,23.14,23.14,5142.16,5119.02
85881,"1","1",5142.16,5142.16,0,5142.16,5142.16,5142.16,0,5142.16,5142.16,5142.16,5142.16,0
85879,"1","1",195.7,195.7,0,195.7,195.7,195.7,0,195.7,195.7,195.7,195.7,0
20294,"1","1",2998.83,2998.83,0,2998.83,2998.83,2998.83,0,2998.83,2998.83,2998.83,2998.83,0
85913,"1","1",10033.12,10033.12,0,10033.12,10033.12,10033.12,0,10033.12,10033.12,10033.12,10033.12,0
85965,"1","1",319960.85,319960.85,0,319960.85,319960.85,319960.85,0,319960.85,319960.85,319960.85,319960.85,0
85966,"2","2",3460.8,319960.85,316500.05,323421.65,161710.825,161710.825,158250.025,3460.8,3460.8,3460.8,319960.85,316500.05
85967,"1","1",3460.8,3460.8,0,3460.8,3460.8,3460.8,0,3460.8,3460.8,3460.8,3460.8,0
85504,"1","1",5715.81,5715.81,0,5715.81,5715.81,5715.81,0,5715.81,5715.81,5715.81,5715.81,0
85505,"2","2",5715.81,40523.38,34807.57,46239.19,23119.595,23119.595,17403.785,5715.81,5715.81,5715.81,40523.38,34807.57
85609,"1","1",10033.12,10033.12,0,10033.12,10033.12,10033.12,0,10033.12,10033.12,10033.12,10033.12,0
85576,"1","1",1585.48,1585.48,0,1585.48,1585.48,1585.48,0,1585.48,1585.48,1585.48,1585.48,0
85577,"1","1",5142.16,5142.16,0,5142.16,5142.16,5142.16,0,5142.16,5142.16,5142.16,5142.16,0
85663,"1","1",8,8,0,8,8,8,0,8,8,8,8,0
84310,"1","1",4559.79,4559.79,0,4559.79,4559.79,4559.79,0,4559.79,4559.79,4559.79,4559.79,0
18755,"1","1",39324.84,39324.84,0,39324.84,39324.84,39324.84,0,39324.84,39324.84,39324.84,39324.84,0
18450,"1","1",39324.84,39324.84,0,39324.84,39324.84,39324.84,0,39324.84,39324.84,39324.84,39324.84,0
18451,"1","1",39324.84,39324.84,0,39324.84,39324.84,39324.84,0,39324.84,39324.84,39324.84,39324.84,0
84069,"1","1",1937.59,1937.59,0,1937.59,1937.59,1937.59,0,1937.59,1937.59,1937.59,1937.59,0
19318,"2","2",2093.21,9968.6,7875.39,12061.81,6030.905,6030.905,3937.695,2093.21,2093.21,2093.21,9968.6,7875.39
19319,"2","2",2046.54,5422.97,3376.43,7469.51,3734.755,3734.755,1688.215,2046.54,2046.54,2046.54,5422.97,3376.43
84927,"1","1",1710,1710,0,1710,1710,1710,0,1710,1710,1710,1710,0
19334,"1","1",4735.96,4735.96,0,4735.96,4735.96,4735.96,0,4735.96,4735.96,4735.96,4735.96,0
19335,"1","1",4735.96,4735.96,0,4735.96,4735.96,4735.96,0,4735.96,4735.96,4735.96,4735.96,0
84978,"1","1",967.38,967.38,0,967.38,967.38,967.38,0,967.38,967.38,967.38,967.38,0
84928,"1","1",1710,1710,0,1710,1710,1710,0,1710,1710,1710,1710,0
84606,"1","1",534.44,534.44,0,534.44,534.44,534.44,0,534.44,534.44,534.44,534.44,0
19014,"2","2",2093.21,9968.6,7875.39,12061.81,6030.905,6030.905,3937.695,2093.21,2093.21,2093.21,9968.6,7875.39
19015,"2","2",2046.54,5422.97,3376.43,7469.51,3734.755,3734.755,1688.215,2046.54,2046.54,2046.54,5422.97,3376.43
84635,"1","1",4516.55,4516.55,0,4516.55,4516.55,4516.55,0,4516.55,4516.55,4516.55,4516.55,0
83388,"1","1",3472.15,3472.15,0,3472.15,3472.15,3472.15,0,3472.15,3472.15,3472.15,3472.15,0
83389,"3","3",1469.44,5752.16,4282.72,11615.17,3871.72333333333,4393.57,1786.92764398065,1469.44,1469.44,2931.505,5072.865,2141.36
83343,"1","1",2504.2,2504.2,0,2504.2,2504.2,2504.2,0,2504.2,2504.2,2504.2,2504.2,0
81920,"3","3",1488.92,3581.84,2092.92,7100.64,2366.88,2029.88,887.03824855527,1488.92,1488.92,1759.4,2805.86,1046.46
82048,"1","1",25815.83,25815.83,0,25815.83,25815.83,25815.83,0,25815.83,25815.83,25815.83,25815.83,0
82049,"2","2",468,25815.83,25347.83,26283.83,13141.915,13141.915,12673.915,468,468,468,25815.83,25347.83
82050,"1","1",468,468,0,468,468,468,0,468,468,468,468,0
82161,"1","1",1996.04,1996.04,0,1996.04,1996.04,1996.04,0,1996.04,1996.04,1996.04,1996.04,0
82162,"1","1",1996.04,1996.04,0,1996.04,1996.04,1996.04,0,1996.04,1996.04,1996.04,1996.04,0
82152,"1","1",42403.86,42403.86,0,42403.86,42403.86,42403.86,0,42403.86,42403.86,42403.86,42403.86,0
82153,"3","3",6497.56,42403.86,35906.3,59576.68,19858.8933333333,10675.26,16032.673634869,6497.56,6497.56,8586.41,26539.56,17953.15
82128,"1","1",1043.26,1043.26,0,1043.26,1043.26,1043.26,0,1043.26,1043.26,1043.26,1043.26,0
82129,"1","1",1043.26,1043.26,0,1043.26,1043.26,1043.26,0,1043.26,1043.26,1043.26,1043.26,0
17207,"1","1",7346.36,7346.36,0,7346.36,7346.36,7346.36,0,7346.36,7346.36,7346.36,7346.36,0
82867,"1","1",85686.68,85686.68,0,85686.68,85686.68,85686.68,0,85686.68,85686.68,85686.68,85686.68,0
82828,"1","1",4003.98,4003.98,0,4003.98,4003.98,4003.98,0,4003.98,4003.98,4003.98,4003.98,0
16902,"1","1",7346.36,7346.36,0,7346.36,7346.36,7346.36,0,7346.36,7346.36,7346.36,7346.36,0
16903,"1","1",7346.36,7346.36,0,7346.36,7346.36,7346.36,0,7346.36,7346.36,7346.36,7346.36,0
82527,"1","1",2701.54,2701.54,0,2701.54,2701.54,2701.54,0,2701.54,2701.54,2701.54,2701.54,0
82564,"1","1",85686.68,85686.68,0,85686.68,85686.68,85686.68,0,85686.68,85686.68,85686.68,85686.68,0
82562,"1","1",85686.68,85686.68,0,85686.68,85686.68,85686.68,0,85686.68,85686.68,85686.68,85686.68,0
82563,"1","1",85686.68,85686.68,0,85686.68,85686.68,85686.68,0,85686.68,85686.68,85686.68,85686.68,0
89489,"1","1",4129.98,4129.98,0,4129.98,4129.98,4129.98,0,4129.98,4129.98,4129.98,4129.98,0
89490,"1","1",4129.98,4129.98,0,4129.98,4129.98,4129.98,0,4129.98,4129.98,4129.98,4129.98,0
89475,"1","1",98481.54,98481.54,0,98481.54,98481.54,98481.54,0,98481.54,98481.54,98481.54,98481.54,0
89294,"1","1",3042.08,3042.08,0,3042.08,3042.08,3042.08,0,3042.08,3042.08,3042.08,3042.08,0
24552,"1","1",5672.04,5672.04,0,5672.04,5672.04,5672.04,0,5672.04,5672.04,5672.04,5672.04,0
89778,"1","1",1427.46,1427.46,0,1427.46,1427.46,1427.46,0,1427.46,1427.46,1427.46,1427.46,0
89779,"2","2",1427.46,98481.54,97054.08,99909,49954.5,49954.5,48527.04,1427.46,1427.46,1427.46,98481.54,97054.08
89798,"1","1",2380.61,2380.61,0,2380.61,2380.61,2380.61,0,2380.61,2380.61,2380.61,2380.61,0
22960,"1","1",3225.53,3225.53,0,3225.53,3225.53,3225.53,0,3225.53,3225.53,3225.53,3225.53,0
22961,"1","1",3225.53,3225.53,0,3225.53,3225.53,3225.53,0,3225.53,3225.53,3225.53,3225.53,0
22656,"1","1",3225.53,3225.53,0,3225.53,3225.53,3225.53,0,3225.53,3225.53,3225.53,3225.53,0
88275,"1","1",992,992,0,992,992,992,0,992,992,992,992,0
23301,"1","1",1842.88,1842.88,0,1842.88,1842.88,1842.88,0,1842.88,1842.88,1842.88,1842.88,0
23265,"1","1",19537.67,19537.67,0,19537.67,19537.67,19537.67,0,19537.67,19537.67,19537.67,19537.67,0
21812,"1","1",10159.24,10159.24,0,10159.24,10159.24,10159.24,0,10159.24,10159.24,10159.24,10159.24,0
87484,"1","1",8437.24,8437.24,0,8437.24,8437.24,8437.24,0,8437.24,8437.24,8437.24,8437.24,0
87180,"1","1",14545.26,14545.26,0,14545.26,14545.26,14545.26,0,14545.26,14545.26,14545.26,14545.26,0
87181,"1","1",5.49,5.49,0,5.49,5.49,5.49,0,5.49,5.49,5.49,5.49,0
87179,"1","1",14545.26,14545.26,0,14545.26,14545.26,14545.26,0,14545.26,14545.26,14545.26,14545.26,0
21756,"1","1",1648,1648,0,1648,1648,1648,0,1648,1648,1648,1648,0
21757,"1","1",1648,1648,0,1648,1648,1648,0,1648,1648,1648,1648,0
22047,"1","1",4237.14,4237.14,0,4237.14,4237.14,4237.14,0,4237.14,4237.14,4237.14,4237.14,0
20849,"2","2",943.49,3047.15,2103.66,3990.64,1995.32,1995.32,1051.83,943.49,943.49,943.49,3047.15,2103.66
86456,"1","1",3089.94,3089.94,0,3089.94,3089.94,3089.94,0,3089.94,3089.94,3089.94,3089.94,0
86458,"1","1",868.86,868.86,0,868.86,868.86,868.86,0,868.86,868.86,868.86,868.86,0
86455,"1","1",3089.94,3089.94,0,3089.94,3089.94,3089.94,0,3089.94,3089.94,3089.94,3089.94,0
86525,"1","1",8315.93,8315.93,0,8315.93,8315.93,8315.93,0,8315.93,8315.93,8315.93,8315.93,0
86508,"1","1",2600.77,2600.77,0,2600.77,2600.77,2600.77,0,2600.77,2600.77,2600.77,2600.77,0
86509,"1","1",2600.77,2600.77,0,2600.77,2600.77,2600.77,0,2600.77,2600.77,2600.77,2600.77,0
86488,"3","3",723.96,2397.36,1673.4,5011,1670.33333333333,1889.68,700.548171140921,723.96,723.96,1306.82,2143.52,836.7
86489,"1","1",745.27,745.27,0,745.27,745.27,745.27,0,745.27,745.27,745.27,745.27,0
86487,"3","3",23.14,723.96,700.82,841.18,280.393333333333,94.08,314.983239483557,23.14,23.14,58.61,409.02,350.41
86468,"1","1",17342.87,17342.87,0,17342.87,17342.87,17342.87,0,17342.87,17342.87,17342.87,17342.87,0
86467,"1","1",17342.87,17342.87,0,17342.87,17342.87,17342.87,0,17342.87,17342.87,17342.87,17342.87,0
20526,"1","1",8299.91,8299.91,0,8299.91,8299.91,8299.91,0,8299.91,8299.91,8299.91,8299.91,0
20572,"1","1",1731.52,1731.52,0,1731.52,1731.52,1731.52,0,1731.52,1731.52,1731.52,1731.52,0
20573,"1","1",2690.29,2690.29,0,2690.29,2690.29,2690.29,0,2690.29,2690.29,2690.29,2690.29,0
86184,"4","3",685.9,2397.36,1711.46,4531.18,1132.795,723.96,730.262263625199,685.9,723.96,704.93,1560.66,855.73
86185,"1","1",745.27,745.27,0,745.27,745.27,745.27,0,745.27,745.27,745.27,745.27,0
86183,"8","7",25.98,723.96,697.98,2491.56,311.445,121.42,312.004086471636,25.98,723.96,44.46,704.93,660.47
86163,"1","1",17342.87,17342.87,0,17342.87,17342.87,17342.87,0,17342.87,17342.87,17342.87,17342.87,0
86152,"1","1",3089.94,3089.94,0,3089.94,3089.94,3089.94,0,3089.94,3089.94,3089.94,3089.94,0
86151,"1","1",3089.94,3089.94,0,3089.94,3089.94,3089.94,0,3089.94,3089.94,3089.94,3089.94,0
86268,"1","1",319960.85,319960.85,0,319960.85,319960.85,319960.85,0,319960.85,319960.85,319960.85,319960.85,0
86269,"1","1",319960.85,319960.85,0,319960.85,319960.85,319960.85,0,319960.85,319960.85,319960.85,319960.85,0
86270,"2","2",3460.8,319960.85,316500.05,323421.65,161710.825,161710.825,158250.025,3460.8,3460.8,3460.8,319960.85,316500.05
86271,"1","1",3460.8,3460.8,0,3460.8,3460.8,3460.8,0,3460.8,3460.8,3460.8,3460.8,0
86876,"1","1",14545.26,14545.26,0,14545.26,14545.26,14545.26,0,14545.26,14545.26,14545.26,14545.26,0
86877,"2","2",14545.26,41777.83,27232.57,56323.09,28161.545,28161.545,13616.285,14545.26,14545.26,14545.26,41777.83,27232.57
86875,"1","1",14545.26,14545.26,0,14545.26,14545.26,14545.26,0,14545.26,14545.26,14545.26,14545.26,0
21467,"1","1",2406.54,2406.54,0,2406.54,2406.54,2406.54,0,2406.54,2406.54,2406.54,2406.54,0
86572,"1","1",41777.83,41777.83,0,41777.83,41777.83,41777.83,0,41777.83,41777.83,41777.83,41777.83,0
86573,"2","2",41777.83,319960.85,278183.02,361738.68,180869.34,180869.34,139091.51,41777.83,41777.83,41777.83,319960.85,278183.02
86571,"1","1",64.52,64.52,0,64.52,64.52,64.52,0,64.52,64.52,64.52,64.52,0
21153,"1","1",5523.41,5523.41,0,5523.41,5523.41,5523.41,0,5523.41,5523.41,5523.41,5523.41,0
86757,"1","1",16165.28,16165.28,0,16165.28,16165.28,16165.28,0,16165.28,16165.28,16165.28,16165.28,0
93541,"1","1",4921.19,4921.19,0,4921.19,4921.19,4921.19,0,4921.19,4921.19,4921.19,4921.19,0
93542,"1","1",4921.19,4921.19,0,4921.19,4921.19,4921.19,0,4921.19,4921.19,4921.19,4921.19,0
93529,"1","1",17516.44,17516.44,0,17516.44,17516.44,17516.44,0,17516.44,17516.44,17516.44,17516.44,0
93530,"1","1",17516.44,17516.44,0,17516.44,17516.44,17516.44,0,17516.44,17516.44,17516.44,17516.44,0
93522,"2","2",47.41,5719.6,5672.19,5767.01,2883.505,2883.505,2836.095,47.41,47.41,47.41,5719.6,5672.19
93523,"1","1",47.41,47.41,0,47.41,47.41,47.41,0,47.41,47.41,47.41,47.41,0
93220,"2","2",276.64,44067.94,43791.3,44344.58,22172.29,22172.29,21895.65,276.64,276.64,276.64,44067.94,43791.3
93219,"1","1",30098.55,30098.55,0,30098.55,30098.55,30098.55,0,30098.55,30098.55,30098.55,30098.55,0
93215,"1","1",2822.2,2822.2,0,2822.2,2822.2,2822.2,0,2822.2,2822.2,2822.2,2822.2,0
93845,"1","1",1713.49,1713.49,0,1713.49,1713.49,1713.49,0,1713.49,1713.49,1713.49,1713.49,0
93833,"1","1",17516.44,17516.44,0,17516.44,17516.44,17516.44,0,17516.44,17516.44,17516.44,17516.44,0
93834,"1","1",17516.44,17516.44,0,17516.44,17516.44,17516.44,0,17516.44,17516.44,17516.44,17516.44,0
26940,"1","1",4352.02,4352.02,0,4352.02,4352.02,4352.02,0,4352.02,4352.02,4352.02,4352.02,0
26941,"1","1",4352.02,4352.02,0,4352.02,4352.02,4352.02,0,4352.02,4352.02,4352.02,4352.02,0
92528,"2","2",91.18,6325.33,6234.15,6416.51,3208.255,3208.255,3117.075,91.18,91.18,91.18,6325.33,6234.15
92632,"1","1",2984.61,2984.61,0,2984.61,2984.61,2984.61,0,2984.61,2984.61,2984.61,2984.61,0
92627,"2","1",2932.27,2932.27,0,5864.54,2932.27,2932.27,0,2932.27,2932.27,2932.27,2932.27,0
92609,"1","1",90085.94,90085.94,0,90085.94,90085.94,90085.94,0,90085.94,90085.94,90085.94,90085.94,0
92610,"3","3",23.61,90085.94,90062.33,169964.27,56654.7566666667,79854.72,40261.5163256282,23.61,23.61,39939.165,84970.33,45031.165
92611,"1","1",79854.72,79854.72,0,79854.72,79854.72,79854.72,0,79854.72,79854.72,79854.72,79854.72,0
92220,"1","1",23571.91,23571.91,0,23571.91,23571.91,23571.91,0,23571.91,23571.91,23571.91,23571.91,0
92221,"1","1",23571.91,23571.91,0,23571.91,23571.91,23571.91,0,23571.91,23571.91,23571.91,23571.91,0
26669,"1","1",807.6,807.6,0,807.6,807.6,807.6,0,807.6,807.6,807.6,807.6,0
26640,"2","2",2537.23,5555.34,3018.11,8092.57,4046.285,4046.285,1509.055,2537.23,2537.23,2537.23,5555.34,3018.11
26636,"1","1",4352.02,4352.02,0,4352.02,4352.02,4352.02,0,4352.02,4352.02,4352.02,4352.02,0
26637,"1","1",4352.02,4352.02,0,4352.02,4352.02,4352.02,0,4352.02,4352.02,4352.02,4352.02,0
92308,"3","3",31.11,113727.67,113696.56,129952.26,43317.42,16193.48,50222.8900655276,31.11,31.11,8112.295,64960.575,56848.28
92305,"1","1",90085.94,90085.94,0,90085.94,90085.94,90085.94,0,90085.94,90085.94,90085.94,90085.94,0
92306,"3","3",112.26,90085.94,89973.68,170052.92,56684.3066666667,79854.72,40219.9520446733,112.26,112.26,39983.49,84970.33,44986.84
92307,"2","2",79854.72,113727.67,33872.95,193582.39,96791.195,96791.195,16936.475,79854.72,79854.72,79854.72,113727.67,33872.95
92936,"2","2",2984.61,3878.61,894,6863.22,3431.61,3431.61,447,2984.61,2984.61,2984.61,3878.61,894
92935,"1","1",3878.61,3878.61,0,3878.61,3878.61,3878.61,0,3878.61,3878.61,3878.61,3878.61,0
92931,"2","1",2932.27,2932.27,0,5864.54,2932.27,2932.27,0,2932.27,2932.27,2932.27,2932.27,0
92916,"1","1",44067.94,44067.94,0,44067.94,44067.94,44067.94,0,44067.94,44067.94,44067.94,44067.94,0
92912,"1","1",11724.33,11724.33,0,11724.33,11724.33,11724.33,0,11724.33,11724.33,11724.33,11724.33,0
92913,"1","1",90085.94,90085.94,0,90085.94,90085.94,90085.94,0,90085.94,90085.94,90085.94,90085.94,0
92914,"4","3",23.61,90085.94,90062.33,90161.16,22540.29,25.805,38997.4992512706,28,23.61,23.61,45056.97,45033.36
92915,"3","3",9,29237.48,29228.48,29391.98,9797.32666666667,145.5,13746.3772022579,9,9,77.25,14691.49,14614.24
92911,"1","1",2822.2,2822.2,0,2822.2,2822.2,2822.2,0,2822.2,2822.2,2822.2,2822.2,0
26031,"1","1",3321.21,3321.21,0,3321.21,3321.21,3321.21,0,3321.21,3321.21,3321.21,3321.21,0
26013,"1","1",949.3,949.3,0,949.3,949.3,949.3,0,949.3,949.3,949.3,949.3,0
91617,"1","1",1813.41,1813.41,0,1813.41,1813.41,1813.41,0,1813.41,1813.41,1813.41,1813.41,0
26057,"1","1",6733.13,6733.13,0,6733.13,6733.13,6733.13,0,6733.13,6733.13,6733.13,6733.13,0
25727,"1","1",3321.21,3321.21,0,3321.21,3321.21,3321.21,0,3321.21,3321.21,3321.21,3321.21,0
91313,"3","3",1813.41,7683.51,5870.1,11614.77,3871.59,2117.85,2698.29841359328,1813.41,1813.41,1965.63,4900.68,2935.05
25753,"1","1",6733.13,6733.13,0,6733.13,6733.13,6733.13,0,6733.13,6733.13,6733.13,6733.13,0
25754,"1","1",3116.34,3116.34,0,3116.34,3116.34,3116.34,0,3116.34,3116.34,3116.34,3116.34,0
25732,"1","1",2405.71,2405.71,0,2405.71,2405.71,2405.71,0,2405.71,2405.71,2405.71,2405.71,0
25731,"1","1",2405.71,2405.71,0,2405.71,2405.71,2405.71,0,2405.71,2405.71,2405.71,2405.71,0
91916,"1","1",23571.91,23571.91,0,23571.91,23571.91,23571.91,0,23571.91,23571.91,23571.91,23571.91,0
92004,"2","2",16193.48,113727.67,97534.19,129921.15,64960.575,64960.575,48767.095,16193.48,16193.48,16193.48,113727.67,97534.19
92003,"2","2",16193.48,113727.67,97534.19,129921.15,64960.575,64960.575,48767.095,16193.48,16193.48,16193.48,113727.67,97534.19
91721,"2","2",2636.29,3558.02,921.73,6194.31,3097.155,3097.155,460.865,2636.29,2636.29,2636.29,3558.02,921.73
91722,"1","1",2636.29,2636.29,0,2636.29,2636.29,2636.29,0,2636.29,2636.29,2636.29,2636.29,0
26336,"1","1",2976.66,2976.66,0,2976.66,2976.66,2976.66,0,2976.66,2976.66,2976.66,2976.66,0
26335,"1","1",2976.66,2976.66,0,2976.66,2976.66,2976.66,0,2976.66,2976.66,2976.66,2976.66,0
26317,"1","1",8355.59,8355.59,0,8355.59,8355.59,8355.59,0,8355.59,8355.59,8355.59,8355.59,0
90394,"1","1",1239.19,1239.19,0,1239.19,1239.19,1239.19,0,1239.19,1239.19,1239.19,1239.19,0
24851,"1","1",2382.65,2382.65,0,2382.65,2382.65,2382.65,0,2382.65,2382.65,2382.65,2382.65,0
25428,"1","1",2405.71,2405.71,0,2405.71,2405.71,2405.71,0,2405.71,2405.71,2405.71,2405.71,0
25427,"1","1",2405.71,2405.71,0,2405.71,2405.71,2405.71,0,2405.71,2405.71,2405.71,2405.71,0
91133,"1","1",1649.9,1649.9,0,1649.9,1649.9,1649.9,0,1649.9,1649.9,1649.9,1649.9,0
32152,"1","1",89532.12,89532.12,0,89532.12,89532.12,89532.12,0,89532.12,89532.12,89532.12,89532.12,0
32153,"1","1",89532.12,89532.12,0,89532.12,89532.12,89532.12,0,89532.12,89532.12,89532.12,89532.12,0
32154,"2","2",4376.27,89532.12,85155.85,93908.39,46954.195,46954.195,42577.925,4376.27,4376.27,4376.27,89532.12,85155.85
97766,"2","2",818.19,3609.31,2791.12,4427.5,2213.75,2213.75,1395.56,818.19,818.19,818.19,3609.31,2791.12
97767,"1","1",3370.43,3370.43,0,3370.43,3370.43,3370.43,0,3370.43,3370.43,3370.43,3370.43,0
97751,"1","1",2796.55,2796.55,0,2796.55,2796.55,2796.55,0,2796.55,2796.55,2796.55,2796.55,0
97463,"1","1",3370.43,3370.43,0,3370.43,3370.43,3370.43,0,3370.43,3370.43,3370.43,3370.43,0
97456,"1","1",8143.99,8143.99,0,8143.99,8143.99,8143.99,0,8143.99,8143.99,8143.99,8143.99,0
97452,"1","1",1158.43,1158.43,0,1158.43,1158.43,1158.43,0,1158.43,1158.43,1158.43,1158.43,0
97473,"1","1",2182.27,2182.27,0,2182.27,2182.27,2182.27,0,2182.27,2182.27,2182.27,2182.27,0
97474,"1","1",2182.27,2182.27,0,2182.27,2182.27,2182.27,0,2182.27,2182.27,2182.27,2182.27,0
98126,"1","1",1366.22,1366.22,0,1366.22,1366.22,1366.22,0,1366.22,1366.22,1366.22,1366.22,0
32748,"1","1",14277.71,14277.71,0,14277.71,14277.71,14277.71,0,14277.71,14277.71,14277.71,14277.71,0
32749,"1","1",14277.71,14277.71,0,14277.71,14277.71,14277.71,0,14277.71,14277.71,14277.71,14277.71,0
32712,"1","1",44646.41,44646.41,0,44646.41,44646.41,44646.41,0,44646.41,44646.41,44646.41,44646.41,0
32711,"2","2",30.69,44646.41,44615.72,44677.1,22338.55,22338.55,22307.86,30.69,30.69,30.69,44646.41,44615.72
32408,"1","1",44646.41,44646.41,0,44646.41,44646.41,44646.41,0,44646.41,44646.41,44646.41,44646.41,0
32407,"2","2",6.51,44646.41,44639.9,44652.92,22326.46,22326.46,22319.95,6.51,6.51,6.51,44646.41,44639.9
32463,"1","1",248.39,248.39,0,248.39,248.39,248.39,0,248.39,248.39,248.39,248.39,0
32456,"1","1",89532.12,89532.12,0,89532.12,89532.12,89532.12,0,89532.12,89532.12,89532.12,89532.12,0
32457,"3","3",67.75,89532.12,89464.37,91464.95,30488.3166666667,1865.08,41756.7210784183,67.75,67.75,966.415,45698.6,44732.185
32458,"2","2",4376.27,89532.12,85155.85,93908.39,46954.195,46954.195,42577.925,4376.27,4376.27,4376.27,89532.12,85155.85
96596,"1","1",4263.61,4263.61,0,4263.61,4263.61,4263.61,0,4263.61,4263.61,4263.61,4263.61,0
96595,"1","1",4263.61,4263.61,0,4263.61,4263.61,4263.61,0,4263.61,4263.61,4263.61,4263.61,0
31138,"1","1",18571.52,18571.52,0,18571.52,18571.52,18571.52,0,18571.52,18571.52,18571.52,18571.52,0
96292,"2","2",45.9,8848.07,8802.17,8893.97,4446.985,4446.985,4401.085,45.9,45.9,45.9,8848.07,8802.17
96295,"1","1",2415.41,2415.41,0,2415.41,2415.41,2415.41,0,2415.41,2415.41,2415.41,2415.41,0
96291,"1","1",8848.07,8848.07,0,8848.07,8848.07,8848.07,0,8848.07,8848.07,8848.07,8848.07,0
96256,"1","1",2519.18,2519.18,0,2519.18,2519.18,2519.18,0,2519.18,2519.18,2519.18,2519.18,0
97148,"1","1",1158.43,1158.43,0,1158.43,1158.43,1158.43,0,1158.43,1158.43,1158.43,1158.43,0
97201,"1","1",3259.99,3259.99,0,3259.99,3259.99,3259.99,0,3259.99,3259.99,3259.99,3259.99,0
97162,"1","1",3805.12,3805.12,0,3805.12,3805.12,3805.12,0,3805.12,3805.12,3805.12,3805.12,0
97153,"2","1",6553.51,6553.51,0,13107.02,6553.51,6553.51,0,6553.51,6553.51,6553.51,6553.51,0
96892,"3","3",1937.7,3549.69,1611.99,7743.37,2581.12333333333,2255.98,697.0971144364,1937.7,1937.7,2096.84,2902.835,805.995
96849,"2","1",6553.51,6553.51,0,13107.02,6553.51,6553.51,0,6553.51,6553.51,6553.51,6553.51,0
96904,"2","2",1917.37,3788.53,1871.16,5705.9,2852.95,2852.95,935.58,1917.37,1917.37,1917.37,3788.53,1871.16
96903,"1","1",3788.53,3788.53,0,3788.53,3788.53,3788.53,0,3788.53,3788.53,3788.53,3788.53,0
29989,"1","1",7435.48,7435.48,0,7435.48,7435.48,7435.48,0,7435.48,7435.48,7435.48,7435.48,0
95649,"1","1",6567.77,6567.77,0,6567.77,6567.77,6567.77,0,6567.77,6567.77,6567.77,6567.77,0
95646,"1","1",3542.88,3542.88,0,3542.88,3542.88,3542.88,0,3542.88,3542.88,3542.88,3542.88,0
95647,"1","1",3542.88,3542.88,0,3542.88,3542.88,3542.88,0,3542.88,3542.88,3542.88,3542.88,0
95681,"1","1",2324.98,2324.98,0,2324.98,2324.98,2324.98,0,2324.98,2324.98,2324.98,2324.98,0
95682,"1","1",2324.98,2324.98,0,2324.98,2324.98,2324.98,0,2324.98,2324.98,2324.98,2324.98,0
95377,"1","1",3319.58,3319.58,0,3319.58,3319.58,3319.58,0,3319.58,3319.58,3319.58,3319.58,0
30292,"1","1",4983.11,4983.11,0,4983.11,4983.11,4983.11,0,4983.11,4983.11,4983.11,4983.11,0
30293,"2","2",4983.11,7435.48,2452.37,12418.59,6209.295,6209.295,1226.185,4983.11,4983.11,4983.11,7435.48,2452.37
95988,"1","1",8848.07,8848.07,0,8848.07,8848.07,8848.07,0,8848.07,8848.07,8848.07,8848.07,0
95991,"1","1",2415.41,2415.41,0,2415.41,2415.41,2415.41,0,2415.41,2415.41,2415.41,2415.41,0
95987,"1","1",8848.07,8848.07,0,8848.07,8848.07,8848.07,0,8848.07,8848.07,8848.07,8848.07,0
95950,"1","1",3542.88,3542.88,0,3542.88,3542.88,3542.88,0,3542.88,3542.88,3542.88,3542.88,0
95951,"1","1",3542.88,3542.88,0,3542.88,3542.88,3542.88,0,3542.88,3542.88,3542.88,3542.88,0
95946,"1","1",2125.63,2125.63,0,2125.63,2125.63,2125.63,0,2125.63,2125.63,2125.63,2125.63,0
95947,"1","1",2125.63,2125.63,0,2125.63,2125.63,2125.63,0,2125.63,2125.63,2125.63,2125.63,0
29657,"1","1",1435.83,1435.83,0,1435.83,1435.83,1435.83,0,1435.83,1435.83,1435.83,1435.83,0
68876,"1","1",396.26,396.26,0,396.26,396.26,396.26,0,396.26,396.26,396.26,396.26,0
69119,"1","1",3635.88,3635.88,0,3635.88,3635.88,3635.88,0,3635.88,3635.88,3635.88,3635.88,0
69082,"2","2",112.25,515.74,403.49,627.99,313.995,313.995,201.745,112.25,112.25,112.25,515.74,403.49
69083,"1","1",515.74,515.74,0,515.74,515.74,515.74,0,515.74,515.74,515.74,515.74,0
69074,"1","1",6088.66,6088.66,0,6088.66,6088.66,6088.66,0,6088.66,6088.66,6088.66,6088.66,0
68612,"1","1",2572.23,2572.23,0,2572.23,2572.23,2572.23,0,2572.23,2572.23,2572.23,2572.23,0
68793,"1","1",2305.57,2305.57,0,2305.57,2305.57,2305.57,0,2305.57,2305.57,2305.57,2305.57,0
68836,"1","1",2640.83,2640.83,0,2640.83,2640.83,2640.83,0,2640.83,2640.83,2640.83,2640.83,0
68816,"1","1",3635.88,3635.88,0,3635.88,3635.88,3635.88,0,3635.88,3635.88,3635.88,3635.88,0
69378,"1","1",6088.66,6088.66,0,6088.66,6088.66,6088.66,0,6088.66,6088.66,6088.66,6088.66,0
69448,"1","1",3103.04,3103.04,0,3103.04,3103.04,3103.04,0,3103.04,3103.04,3103.04,3103.04,0
69447,"1","1",3103.04,3103.04,0,3103.04,3103.04,3103.04,0,3103.04,3103.04,3103.04,3103.04,0
69528,"1","1",5038.88,5038.88,0,5038.88,5038.88,5038.88,0,5038.88,5038.88,5038.88,5038.88,0
69148,"1","1",127.51,127.51,0,127.51,127.51,127.51,0,127.51,127.51,127.51,127.51,0
69149,"1","1",127.51,127.51,0,127.51,127.51,127.51,0,127.51,127.51,127.51,127.51,0
69142,"1","1",418.36,418.36,0,418.36,418.36,418.36,0,418.36,418.36,418.36,418.36,0
69120,"2","2",1637.14,3635.88,1998.74,5273.02,2636.51,2636.51,999.37,1637.14,1637.14,1637.14,3635.88,1998.74
69213,"1","1",4391.07,4391.07,0,4391.07,4391.07,4391.07,0,4391.07,4391.07,4391.07,4391.07,0
67883,"1","1",218.08,218.08,0,218.08,218.08,218.08,0,218.08,218.08,218.08,218.08,0
67935,"1","1",319.83,319.83,0,319.83,319.83,319.83,0,319.83,319.83,319.83,319.83,0
68035,"1","1",4927.31,4927.31,0,4927.31,4927.31,4927.31,0,4927.31,4927.31,4927.31,4927.31,0
67608,"1","1",7579.9,7579.9,0,7579.9,7579.9,7579.9,0,7579.9,7579.9,7579.9,7579.9,0
67607,"1","1",7579.9,7579.9,0,7579.9,7579.9,7579.9,0,7579.9,7579.9,7579.9,7579.9,0
67728,"1","1",6803.47,6803.47,0,6803.47,6803.47,6803.47,0,6803.47,6803.47,6803.47,6803.47,0
67729,"1","1",6803.47,6803.47,0,6803.47,6803.47,6803.47,0,6803.47,6803.47,6803.47,6803.47,0
68541,"1","1",1469.63,1469.63,0,1469.63,1469.63,1469.63,0,1469.63,1469.63,1469.63,1469.63,0
68529,"1","1",544.67,544.67,0,544.67,544.67,544.67,0,544.67,544.67,544.67,544.67,0
68530,"1","1",415.92,415.92,0,415.92,415.92,415.92,0,415.92,415.92,415.92,415.92,0
68572,"1","1",396.26,396.26,0,396.26,396.26,396.26,0,396.26,396.26,396.26,396.26,0
68566,"1","1",3111.96,3111.96,0,3111.96,3111.96,3111.96,0,3111.96,3111.96,3111.96,3111.96,0
68567,"1","1",3111.96,3111.96,0,3111.96,3111.96,3111.96,0,3111.96,3111.96,3111.96,3111.96,0
68563,"1","1",759.34,759.34,0,759.34,759.34,759.34,0,759.34,759.34,759.34,759.34,0
68187,"1","1",218.08,218.08,0,218.08,218.08,218.08,0,218.08,218.08,218.08,218.08,0
68339,"1","1",4927.31,4927.31,0,4927.31,4927.31,4927.31,0,4927.31,4927.31,4927.31,4927.31,0
66929,"2","2",4320.53,4363.6,43.0700000000006,8684.13,4342.065,4342.065,21.5350000000003,4320.53,4320.53,4320.53,4363.6,43.0700000000006
66930,"3","3",3276.29,4320.53,1044.24,11568.08,3856.02666666667,3971.26,434.026370345807,3276.29,3276.29,3623.775,4145.895,522.12
67033,"1","1",600.79,600.79,0,600.79,600.79,600.79,0,600.79,600.79,600.79,600.79,0
66629,"1","1",1887.92,1887.92,0,1887.92,1887.92,1887.92,0,1887.92,1887.92,1887.92,1887.92,0
67337,"1","1",600.79,600.79,0,600.79,600.79,600.79,0,600.79,600.79,600.79,600.79,0
67424,"2","2",3193.16,6803.47,3610.31,9996.63,4998.315,4998.315,1805.155,3193.16,3193.16,3193.16,6803.47,3610.31
67425,"1","1",6803.47,6803.47,0,6803.47,6803.47,6803.47,0,6803.47,6803.47,6803.47,6803.47,0
65826,"1","1",1362.58,1362.58,0,1362.58,1362.58,1362.58,0,1362.58,1362.58,1362.58,1362.58,0
65907,"1","1",897.48,897.48,0,897.48,897.48,897.48,0,897.48,897.48,897.48,897.48,0
66037,"2","2",1449.81,2098.25,648.44,3548.06,1774.03,1774.03,324.22,1449.81,1449.81,1449.81,2098.25,648.44
66038,"2","2",1449.81,13822.47,12372.66,15272.28,7636.14,7636.14,6186.33,1449.81,1449.81,1449.81,13822.47,12372.66
66039,"2","2",3340.08,13822.47,10482.39,17162.55,8581.275,8581.275,5241.195,3340.08,3340.08,3340.08,13822.47,10482.39
65733,"1","1",11214.83,11214.83,0,11214.83,11214.83,11214.83,0,11214.83,11214.83,11214.83,11214.83,0
65734,"2","2",2098.25,11214.83,9116.58,13313.08,6656.54,6656.54,4558.29,2098.25,2098.25,2098.25,11214.83,9116.58
65735,"2","2",2098.25,3340.08,1241.83,5438.33,2719.165,2719.165,620.915,2098.25,2098.25,2098.25,3340.08,1241.83
66341,"1","1",1449.81,1449.81,0,1449.81,1449.81,1449.81,0,1449.81,1449.81,1449.81,1449.81,0
66342,"2","2",1449.81,13822.47,12372.66,15272.28,7636.14,7636.14,6186.33,1449.81,1449.81,1449.81,13822.47,12372.66
66433,"1","1",457.97,457.97,0,457.97,457.97,457.97,0,457.97,457.97,457.97,457.97,0
66497,"1","1",2450.46,2450.46,0,2450.46,2450.46,2450.46,0,2450.46,2450.46,2450.46,2450.46,0
66130,"1","1",1362.58,1362.58,0,1362.58,1362.58,1362.58,0,1362.58,1362.58,1362.58,1362.58,0
66113,"1","1",1552.31,1552.31,0,1552.31,1552.31,1552.31,0,1552.31,1552.31,1552.31,1552.31,0
66210,"1","1",1097.81,1097.81,0,1097.81,1097.81,1097.81,0,1097.81,1097.81,1097.81,1097.81,0
73015,"1","1",1084.38,1084.38,0,1084.38,1084.38,1084.38,0,1084.38,1084.38,1084.38,1084.38,0
73117,"1","1",1219.89,1219.89,0,1219.89,1219.89,1219.89,0,1219.89,1219.89,1219.89,1219.89,0
73094,"1","1",4172.33,4172.33,0,4172.33,4172.33,4172.33,0,4172.33,4172.33,4172.33,4172.33,0
72813,"1","1",1219.89,1219.89,0,1219.89,1219.89,1219.89,0,1219.89,1219.89,1219.89,1219.89,0
72790,"1","1",4172.33,4172.33,0,4172.33,4172.33,4172.33,0,4172.33,4172.33,4172.33,4172.33,0
72777,"3","2",3468.22,4810.67,1342.45,11747.11,3915.70333333333,3468.22,632.836998935921,4810.67,3468.22,3468.22,4139.445,671.225
72772,"1","1",5070.09,5070.09,0,5070.09,5070.09,5070.09,0,5070.09,5070.09,5070.09,5070.09,0
72773,"2","2",517.09,5070.09,4553,5587.18,2793.59,2793.59,2276.5,517.09,517.09,517.09,5070.09,4553
72872,"1","1",9678.07,9678.07,0,9678.07,9678.07,9678.07,0,9678.07,9678.07,9678.07,9678.07,0
72873,"1","1",9678.07,9678.07,0,9678.07,9678.07,9678.07,0,9678.07,9678.07,9678.07,9678.07,0
72866,"1","1",6459.79,6459.79,0,6459.79,6459.79,6459.79,0,6459.79,6459.79,6459.79,6459.79,0
72848,"1","1",2018.96,2018.96,0,2018.96,2018.96,2018.96,0,2018.96,2018.96,2018.96,2018.96,0
72849,"1","1",2018.96,2018.96,0,2018.96,2018.96,2018.96,0,2018.96,2018.96,2018.96,2018.96,0
73504,"1","1",6806.19,6806.19,0,6806.19,6806.19,6806.19,0,6806.19,6806.19,6806.19,6806.19,0
73705,"1","1",4912.75,4912.75,0,4912.75,4912.75,4912.75,0,4912.75,4912.75,4912.75,4912.75,0
73402,"1","1",5061.23,5061.23,0,5061.23,5061.23,5061.23,0,5061.23,5061.23,5061.23,5061.23,0
73423,"1","1",1939.21,1939.21,0,1939.21,1939.21,1939.21,0,1939.21,1939.21,1939.21,1939.21,0
71960,"1","1",1621.4,1621.4,0,1621.4,1621.4,1621.4,0,1621.4,1621.4,1621.4,1621.4,0
71957,"1","1",8184.25,8184.25,0,8184.25,8184.25,8184.25,0,8184.25,8184.25,8184.25,8184.25,0
71958,"1","1",8184.25,8184.25,0,8184.25,8184.25,8184.25,0,8184.25,8184.25,8184.25,8184.25,0
72110,"1","1",9516.08,9516.08,0,9516.08,9516.08,9516.08,0,9516.08,9516.08,9516.08,9516.08,0
72111,"1","1",9516.08,9516.08,0,9516.08,9516.08,9516.08,0,9516.08,9516.08,9516.08,9516.08,0
72151,"1","1",892.8,892.8,0,892.8,892.8,892.8,0,892.8,892.8,892.8,892.8,0
71788,"1","1",2373.83,2373.83,0,2373.83,2373.83,2373.83,0,2373.83,2373.83,2373.83,2373.83,0
71854,"1","1",679.44,679.44,0,679.44,679.44,679.44,0,679.44,679.44,679.44,679.44,0
71847,"1","1",892.8,892.8,0,892.8,892.8,892.8,0,892.8,892.8,892.8,892.8,0
71884,"1","1",22825.55,22825.55,0,22825.55,22825.55,22825.55,0,22825.55,22825.55,22825.55,22825.55,0
71885,"1","1",22825.55,22825.55,0,22825.55,22825.55,22825.55,0,22825.55,22825.55,22825.55,22825.55,0
72509,"1","1",90.81,90.81,0,90.81,90.81,90.81,0,90.81,90.81,90.81,90.81,0
72568,"1","1",9678.07,9678.07,0,9678.07,9678.07,9678.07,0,9678.07,9678.07,9678.07,9678.07,0
72569,"3","3",779.15,9678.07,8898.92,13557.23,4519.07666666667,3100.01,3768.9969439214,779.15,779.15,1939.58,6389.04,4449.46
72560,"1","1",4058.71,4058.71,0,4058.71,4058.71,4058.71,0,4058.71,4058.71,4058.71,4058.71,0
72562,"1","1",6459.79,6459.79,0,6459.79,6459.79,6459.79,0,6459.79,6459.79,6459.79,6459.79,0
72559,"1","1",4058.71,4058.71,0,4058.71,4058.71,4058.71,0,4058.71,4058.71,4058.71,4058.71,0
72553,"1","1",3940.21,3940.21,0,3940.21,3940.21,3940.21,0,3940.21,3940.21,3940.21,3940.21,0
72554,"1","1",3940.21,3940.21,0,3940.21,3940.21,3940.21,0,3940.21,3940.21,3940.21,3940.21,0
72544,"1","1",3218.49,3218.49,0,3218.49,3218.49,3218.49,0,3218.49,3218.49,3218.49,3218.49,0
72546,"3","3",1233.73,3309.58,2075.85,7732.1,2577.36666666667,3188.79,951.373454549906,1233.73,1233.73,2211.26,3249.185,1037.925
72587,"1","1",3288.78,3288.78,0,3288.78,3288.78,3288.78,0,3288.78,3288.78,3288.78,3288.78,0
72249,"1","1",2040.31,2040.31,0,2040.31,2040.31,2040.31,0,2040.31,2040.31,2040.31,2040.31,0
72240,"1","1",2921.67,2921.67,0,2921.67,2921.67,2921.67,0,2921.67,2921.67,2921.67,2921.67,0
72241,"1","1",2921.67,2921.67,0,2921.67,2921.67,2921.67,0,2921.67,2921.67,2921.67,2921.67,0
72242,"1","1",3309.58,3309.58,0,3309.58,3309.58,3309.58,0,3309.58,3309.58,3309.58,3309.58,0
72198,"1","1",1732.35,1732.35,0,1732.35,1732.35,1732.35,0,1732.35,1732.35,1732.35,1732.35,0
72285,"1","1",1758.62,1758.62,0,1758.62,1758.62,1758.62,0,1758.62,1758.62,1758.62,1758.62,0
72283,"1","1",3288.78,3288.78,0,3288.78,3288.78,3288.78,0,3288.78,3288.78,3288.78,3288.78,0
72264,"2","2",1621.4,1854.1,232.7,3475.5,1737.75,1737.75,116.35,1621.4,1621.4,1621.4,1854.1,232.7
72265,"1","1",1854.1,1854.1,0,1854.1,1854.1,1854.1,0,1854.1,1854.1,1854.1,1854.1,0
72263,"1","1",3729.35,3729.35,0,3729.35,3729.35,3729.35,0,3729.35,3729.35,3729.35,3729.35,0
72395,"1","1",1499.64,1499.64,0,1499.64,1499.64,1499.64,0,1499.64,1499.64,1499.64,1499.64,0
70937,"2","2",4300.26,9886.329,5586.069,14186.589,7093.2945,7093.2945,2793.0345,4300.26,4300.26,4300.26,9886.329,5586.069
70938,"2","2",4300.26,9886.329,5586.069,14186.589,7093.2945,7093.2945,2793.0345,4300.26,4300.26,4300.26,9886.329,5586.069
70935,"2","2",3737.57,8234.1,4496.53,11971.67,5985.835,5985.835,2248.265,3737.57,3737.57,3737.57,8234.1,4496.53
70924,"1","1",1794.22,1794.22,0,1794.22,1794.22,1794.22,0,1794.22,1794.22,1794.22,1794.22,0
71033,"1","1",4456.36,4456.36,0,4456.36,4456.36,4456.36,0,4456.36,4456.36,4456.36,4456.36,0
71034,"1","1",4805.57,4805.57,0,4805.57,4805.57,4805.57,0,4805.57,4805.57,4805.57,4805.57,0
71035,"1","1",4805.57,4805.57,0,4805.57,4805.57,4805.57,0,4805.57,4805.57,4805.57,4805.57,0
71031,"1","1",1990.7,1990.7,0,1990.7,1990.7,1990.7,0,1990.7,1990.7,1990.7,1990.7,0
70900,"3","2",3603.33,4286.69,683.36,12176.71,4058.90333333333,4286.69,322.138993327759,3603.33,4286.69,3945.01,4286.69,341.68
70901,"3","2",3603.33,4286.69,683.36,12176.71,4058.90333333333,4286.69,322.138993327759,3603.33,4286.69,3945.01,4286.69,341.68
70893,"1","1",2647.3,2647.3,0,2647.3,2647.3,2647.3,0,2647.3,2647.3,2647.3,2647.3,0
70894,"3","3",337.8,31209.26,30871.46,34194.36,11398.12,2647.3,14040.2848650398,337.8,337.8,1492.55,16928.28,15435.73
71550,"1","1",679.44,679.44,0,679.44,679.44,679.44,0,679.44,679.44,679.44,679.44,0
71545,"2","2",2451.2,6743.3,4292.1,9194.5,4597.25,4597.25,2146.05,2451.2,2451.2,2451.2,6743.3,4292.1
71546,"1","1",6743.3,6743.3,0,6743.3,6743.3,6743.3,0,6743.3,6743.3,6743.3,6743.3,0
71593,"1","1",2763.21,2763.21,0,2763.21,2763.21,2763.21,0,2763.21,2763.21,2763.21,2763.21,0
71584,"1","1",5480.86,5480.86,0,5480.86,5480.86,5480.86,0,5480.86,5480.86,5480.86,5480.86,0
71580,"1","1",22825.55,22825.55,0,22825.55,22825.55,22825.55,0,22825.55,22825.55,22825.55,22825.55,0
71581,"1","1",22825.55,22825.55,0,22825.55,22825.55,22825.55,0,22825.55,22825.55,22825.55,22825.55,0
71570,"4","4",650.7,1540.74,890.04,3990.7,997.675,899.63,344.340663696578,650.7,650.7,704.68,1290.67,585.99
71638,"1","1",1164.72,1164.72,0,1164.72,1164.72,1164.72,0,1164.72,1164.72,1164.72,1164.72,0
71228,"1","1",1794.22,1794.22,0,1794.22,1794.22,1794.22,0,1794.22,1794.22,1794.22,1794.22,0
71230,"1","1",702.77,702.77,0,702.77,702.77,702.77,0,702.77,702.77,702.77,702.77,0
71231,"4","2",3260.23,7818.75,4558.52,17599.44,4399.86,3260.23,1973.89706182972,7818.75,3260.23,3260.23,5539.49,2279.26
71207,"1","1",1863.63,1863.63,0,1863.63,1863.63,1863.63,0,1863.63,1863.63,1863.63,1863.63,0
71197,"1","1",2647.3,2647.3,0,2647.3,2647.3,2647.3,0,2647.3,2647.3,2647.3,2647.3,0
71198,"1","1",2647.3,2647.3,0,2647.3,2647.3,2647.3,0,2647.3,2647.3,2647.3,2647.3,0
71269,"1","1",1108.61,1108.61,0,1108.61,1108.61,1108.61,0,1108.61,1108.61,1108.61,1108.61,0
71270,"1","1",1108.61,1108.61,0,1108.61,1108.61,1108.61,0,1108.61,1108.61,1108.61,1108.61,0
71240,"1","1",2451.2,2451.2,0,2451.2,2451.2,2451.2,0,2451.2,2451.2,2451.2,2451.2,0
71241,"2","2",2451.2,9886.329,7435.129,12337.529,6168.7645,6168.7645,3717.5645,2451.2,2451.2,2451.2,9886.329,7435.129
71242,"1","1",9886.329,9886.329,0,9886.329,9886.329,9886.329,0,9886.329,9886.329,9886.329,9886.329,0
71239,"1","1",3737.57,3737.57,0,3737.57,3737.57,3737.57,0,3737.57,3737.57,3737.57,3737.57,0
71232,"1","1",7818.75,7818.75,0,7818.75,7818.75,7818.75,0,7818.75,7818.75,7818.75,7818.75,0
71344,"1","1",4966.25,4966.25,0,4966.25,4966.25,4966.25,0,4966.25,4966.25,4966.25,4966.25,0
71343,"1","1",4966.25,4966.25,0,4966.25,4966.25,4966.25,0,4966.25,4966.25,4966.25,4966.25,0
71337,"1","1",4456.36,4456.36,0,4456.36,4456.36,4456.36,0,4456.36,4456.36,4456.36,4456.36,0
71335,"1","1",1990.7,1990.7,0,1990.7,1990.7,1990.7,0,1990.7,1990.7,1990.7,1990.7,0
70013,"1","1",77.98,77.98,0,77.98,77.98,77.98,0,77.98,77.98,77.98,77.98,0
70060,"1","1",2390.9,2390.9,0,2390.9,2390.9,2390.9,0,2390.9,2390.9,2390.9,2390.9,0
70061,"1","1",1442.1,1442.1,0,1442.1,1442.1,1442.1,0,1442.1,1442.1,1442.1,1442.1,0
70062,"2","2",1442.1,2241.71,799.61,3683.81,1841.905,1841.905,399.805,1442.1,1442.1,1442.1,2241.71,799.61
69693,"1","1",3422.9,3422.9,0,3422.9,3422.9,3422.9,0,3422.9,3422.9,3422.9,3422.9,0
70590,"3","3",337.8,31209.26,30871.46,34194.36,11398.12,2647.3,14040.2848650398,337.8,337.8,1492.55,16928.28,15435.73
70653,"1","1",10309.76,10309.76,0,10309.76,10309.76,10309.76,0,10309.76,10309.76,10309.76,10309.76,0
70616,"4","2",3366.26,4285.24,918.98,14384.02,3596.005,3366.26,397.930012784912,4285.24,3366.26,3366.26,3825.75,459.49
70615,"1","1",4285.24,4285.24,0,4285.24,4285.24,4285.24,0,4285.24,4285.24,4285.24,4285.24,0
70189,"1","1",11380.23,11380.23,0,11380.23,11380.23,11380.23,0,11380.23,11380.23,11380.23,11380.23,0
70312,"1","1",4285.24,4285.24,0,4285.24,4285.24,4285.24,0,4285.24,4285.24,4285.24,4285.24,0
70309,"3","3",230.74,2320.42,2089.68,4287.64,1429.21333333333,1736.48,880.340929766543,230.74,230.74,983.61,2028.45,1044.84
70311,"1","1",4285.24,4285.24,0,4285.24,4285.24,4285.24,0,4285.24,4285.24,4285.24,4285.24,0
70363,"1","1",492.36,492.36,0,492.36,492.36,492.36,0,492.36,492.36,492.36,492.36,0
70349,"1","1",10309.76,10309.76,0,10309.76,10309.76,10309.76,0,10309.76,10309.76,10309.76,10309.76,0
77116,"1","1",3132.24,3132.24,0,3132.24,3132.24,3132.24,0,3132.24,3132.24,3132.24,3132.24,0
77117,"1","1",3132.24,3132.24,0,3132.24,3132.24,3132.24,0,3132.24,3132.24,3132.24,3132.24,0
77060,"1","1",4293.13,4293.13,0,4293.13,4293.13,4293.13,0,4293.13,4293.13,4293.13,4293.13,0
77135,"1","1",3447.73,3447.73,0,3447.73,3447.73,3447.73,0,3447.73,3447.73,3447.73,3447.73,0
11711,"1","1",11837.02,11837.02,0,11837.02,11837.02,11837.02,0,11837.02,11837.02,11837.02,11837.02,0
77242,"1","1",2915.42,2915.42,0,2915.42,2915.42,2915.42,0,2915.42,2915.42,2915.42,2915.42,0
11695,"1","1",3027.5,3027.5,0,3027.5,3027.5,3027.5,0,3027.5,3027.5,3027.5,3027.5,0
76819,"1","1",4185.1,4185.1,0,4185.1,4185.1,4185.1,0,4185.1,4185.1,4185.1,4185.1,0
76811,"2","2",1012.15,11871.29,10859.14,12883.44,6441.72,6441.72,5429.57,1012.15,1012.15,1012.15,11871.29,10859.14
11408,"1","1",11837.02,11837.02,0,11837.02,11837.02,11837.02,0,11837.02,11837.02,11837.02,11837.02,0
11407,"1","1",11837.02,11837.02,0,11837.02,11837.02,11837.02,0,11837.02,11837.02,11837.02,11837.02,0
77032,"2","2",6150.34,59502.46,53352.12,65652.8,32826.4,32826.4,26676.06,6150.34,6150.34,6150.34,59502.46,53352.12
77031,"2","2",6150.34,59502.46,53352.12,65652.8,32826.4,32826.4,26676.06,6150.34,6150.34,6150.34,59502.46,53352.12
77742,"1","1",2027.63,2027.63,0,2027.63,2027.63,2027.63,0,2027.63,2027.63,2027.63,2027.63,0
77743,"1","1",2027.63,2027.63,0,2027.63,2027.63,2027.63,0,2027.63,2027.63,2027.63,2027.63,0
77336,"1","1",59502.46,59502.46,0,59502.46,59502.46,59502.46,0,59502.46,59502.46,59502.46,59502.46,0
77335,"1","1",59502.46,59502.46,0,59502.46,59502.46,59502.46,0,59502.46,59502.46,59502.46,59502.46,0
77470,"1","1",2916.415,2916.415,0,2916.415,2916.415,2916.415,0,2916.415,2916.415,2916.415,2916.415,0
11998,"1","1",1623.53,1623.53,0,1623.53,1623.53,1623.53,0,1623.53,1623.53,1623.53,1623.53,0
11999,"1","1",1623.53,1623.53,0,1623.53,1623.53,1623.53,0,1623.53,1623.53,1623.53,1623.53,0
76140,"1","1",809.72,809.72,0,809.72,809.72,809.72,0,809.72,809.72,809.72,809.72,0
76139,"1","1",1894.5,1894.5,0,1894.5,1894.5,1894.5,0,1894.5,1894.5,1894.5,1894.5,0
76129,"1","1",4043.29,4043.29,0,4043.29,4043.29,4043.29,0,4043.29,4043.29,4043.29,4043.29,0
76220,"2","2",1183.09,4627.01,3443.92,5810.1,2905.05,2905.05,1721.96,1183.09,1183.09,1183.09,4627.01,3443.92
75835,"1","1",291.41,291.41,0,291.41,291.41,291.41,0,291.41,291.41,291.41,291.41,0
75928,"2","2",22.9,49659.19,49636.29,49682.09,24841.045,24841.045,24818.145,22.9,22.9,22.9,49659.19,49636.29
75929,"2","2",37090.03,49659.19,12569.16,86749.22,43374.61,43374.61,6284.58,37090.03,37090.03,37090.03,49659.19,12569.16
75927,"1","1",22.9,22.9,0,22.9,22.9,22.9,0,22.9,22.9,22.9,22.9,0
76728,"1","1",132.16,132.16,0,132.16,132.16,132.16,0,132.16,132.16,132.16,132.16,0
76789,"1","1",397.1,397.1,0,397.1,397.1,397.1,0,397.1,397.1,397.1,397.1,0
76756,"1","1",4293.13,4293.13,0,4293.13,4293.13,4293.13,0,4293.13,4293.13,4293.13,4293.13,0
76738,"2","2",2373.05,7091.87,4718.82,9464.92,4732.46,4732.46,2359.41,2373.05,2373.05,2373.05,7091.87,4718.82
76739,"2","2",2373.05,7091.87,4718.82,9464.92,4732.46,4732.46,2359.41,2373.05,2373.05,2373.05,7091.87,4718.82
